IP (eV),EA (eV),poly_id,comp,poly_type
6.114775024337501,1.9647388946216666,3_0,2A_6B,block
6.0340632078570495,1.797553796287053,3_0,2A_6B,random
6.922051728861652,2.9604550962473333,3_1,2A_6B,block
6.994694261875978,2.8932940556054962,3_1,2A_6B,random
5.690339120838717,1.408815783108578,3_2,2A_6B,block
5.657595058232699,1.405613570789256,3_2,2A_6B,random
6.30786671476317,2.562200140554453,3_3,2A_6B,block
6.296845222432449,2.5533207713531327,3_3,2A_6B,random
6.013652037059902,2.5507779598487397,3_4,2A_6B,block
5.95851614659229,2.4826900498382067,3_4,2A_6B,random
6.46720178140553,3.469115344617296,3_5,2A_6B,block
6.504392811898425,3.3984002472952586,3_5,2A_6B,random
6.939196715973076,3.515909164163122,3_6,2A_6B,block
6.998976221574814,3.4230252602171207,3_6,2A_6B,random
6.708858743711476,1.6887806878208105,3_7,2A_6B,block
6.722120503985059,1.69308386369591,3_7,2A_6B,random
6.790879751715424,3.0190890185955443,3_8,2A_6B,block
6.810106434926228,2.9503621505557085,3_8,2A_6B,random
5.473097627564,1.971901277244362,3_9,2A_6B,block
5.4902640621079115,1.9538714325842688,3_9,2A_6B,random
6.744096756638482,3.8537478443115845,3_10,2A_6B,block
6.772605491016484,3.7529703574317015,3_10,2A_6B,random
5.620909748393892,2.450999342207125,3_11,2A_6B,block
5.640287346815455,2.415198083538799,3_11,2A_6B,random
6.00940338590914,1.8625941380068913,3_12,2A_6B,block
5.967300661122165,1.8692879350003366,3_12,2A_6B,random
6.238943396586382,1.75373017707102,3_13,2A_6B,block
6.226390965690447,1.7628997854094879,3_13,2A_6B,random
6.180979926409543,2.1832013990088077,3_14,2A_6B,block
6.17114648478504,2.18013475716607,3_14,2A_6B,random
5.953432691383829,2.7667537372790507,3_15,2A_6B,block
5.943130805109508,2.7634518796157517,3_15,2A_6B,random
6.244704698757737,1.7323106892384914,3_16,2A_6B,block
6.210532171127673,1.7486200679383388,3_16,2A_6B,random
6.583535883056844,2.057029639235263,3_17,2A_6B,block
6.560295564849367,2.0875188604255475,3_17,2A_6B,random
7.030730942522112,3.4989940527553043,3_18,2A_6B,block
7.10417981725101,3.432534044363894,3_18,2A_6B,random
5.614540279629416,2.511310375897879,3_19,2A_6B,block
5.6637203372918545,2.5265518498810486,3_19,2A_6B,random
5.630359308108725,2.796599511933432,3_20,2A_6B,block
5.596166686517844,2.805812549432639,3_20,2A_6B,random
5.930105266501736,2.117517828692521,3_21,2A_6B,block
5.895260240568588,2.134589276570863,3_21,2A_6B,random
6.700959837352693,3.137954820467763,3_22,2A_6B,block
6.655035746711457,3.1049313052985266,3_22,2A_6B,random
7.110479712322412,3.952233197203475,3_23,2A_6B,block
7.230018679995474,3.8351396508064353,3_23,2A_6B,random
6.231015985081426,2.3832196431142614,3_24,2A_6B,block
6.183849974632383,2.353350777172995,3_24,2A_6B,random
7.122852668759234,3.948970449561955,3_25,2A_6B,block
7.264138908501881,3.831601322270338,3_25,2A_6B,random
6.382567452915607,2.124828451907818,3_26,2A_6B,block
6.379123862718207,2.175004970327133,3_26,2A_6B,random
6.35869279169418,2.491356089979191,3_27,2A_6B,block
6.3392723401429505,2.45690056264847,3_27,2A_6B,random
5.762010207737582,3.0306304248793428,3_28,2A_6B,block
5.7589117078612215,2.960306938567179,3_28,2A_6B,random
7.2542710806488575,4.120619194984128,3_29,2A_6B,block
7.4512167302153935,4.039242801611629,3_29,2A_6B,random
4.9769143370227535,1.6014822726188194,3_30,2A_6B,block
5.012298694901222,1.483148234858482,3_30,2A_6B,random
6.986727994982161,3.8139575951558946,3_31,2A_6B,block
7.057767079023458,3.7636582220374066,3_31,2A_6B,random
5.611644641094386,2.4796417983100887,3_32,2A_6B,block
5.630300687815533,2.442236781198828,3_32,2A_6B,random
6.527085433621379,3.1740593391512073,3_33,2A_6B,block
6.5352100804734805,3.0336687623484124,3_33,2A_6B,random
6.782444638158529,4.010776128748812,3_34,2A_6B,block
6.830723821110724,3.834370698098459,3_34,2A_6B,random
5.971079276038589,2.3036274188758634,3_35,2A_6B,block
5.937135359625046,2.2953219240882015,3_35,2A_6B,random
6.648982746598131,2.9285992876886677,3_36,2A_6B,block
6.66024429619468,2.8103963951091373,3_36,2A_6B,random
5.441797616196176,1.9327732893910547,3_37,2A_6B,block
5.42941125909635,1.7194432544600682,3_37,2A_6B,random
4.946889473255355,1.9769671102010382,3_38,2A_6B,block
5.0540568019759355,1.8166080551991657,3_38,2A_6B,random
6.762703591340675,2.1146307601916665,3_39,2A_6B,block
6.7818248267481795,2.1351893356027967,3_39,2A_6B,random
5.678353034219721,2.4948052365963282,3_40,2A_6B,block
5.729657964116306,2.4626534892434937,3_40,2A_6B,random
6.8929806920885675,3.1493924577865906,3_41,2A_6B,block
6.946111464827991,3.1434214674267755,3_41,2A_6B,random
6.641301205487006,2.02499161997563,3_42,2A_6B,block
6.635792446433207,2.064038920638549,3_42,2A_6B,random
5.869635578789374,1.9856796747684604,3_43,2A_6B,block
5.819509284313782,1.9460280636774439,3_43,2A_6B,random
5.079452595730538,1.903891332341037,3_44,2A_6B,block
5.085419969674876,1.777654506256801,3_44,2A_6B,random
5.0842378967518025,1.2232283307317737,3_45,2A_6B,block
5.115935662563632,1.1748096633665137,3_45,2A_6B,random
7.001143039130966,3.4694591137105304,3_46,2A_6B,block
7.133698425185751,3.3636706038532638,3_46,2A_6B,random
6.419332856716663,2.899955736409316,3_47,2A_6B,block
6.369522339328618,2.8189755475472573,3_47,2A_6B,random
6.801255303837539,2.8040525756260557,3_48,2A_6B,block
6.844922658556734,2.7652896080724823,3_48,2A_6B,random
6.99263803455902,2.0388201024217962,3_49,2A_6B,block
7.0798297884006525,2.005901590594248,3_49,2A_6B,random
6.118632546954877,2.190869977066734,3_50,2A_6B,block
6.088794631562384,2.1741700405176436,3_50,2A_6B,random
6.601715033113768,1.5215309006190385,3_51,2A_6B,block
6.637503392956915,1.4360857869513954,3_51,2A_6B,random
6.533770472773357,2.075790873537583,3_52,2A_6B,block
6.477054226369621,2.0380186666339855,3_52,2A_6B,random
6.116842781513935,3.3061813838699523,3_53,2A_6B,block
6.130868803132866,3.2658824505540514,3_53,2A_6B,random
4.690706845205879,2.069087963781767,3_54,2A_6B,block
4.808937759901436,1.9371791716037183,3_54,2A_6B,random
6.325575112837263,1.7322374877632674,3_55,2A_6B,block
6.30527398863993,1.7634303875555164,3_55,2A_6B,random
6.531162774353406,2.940905360386439,3_56,2A_6B,block
6.443325960114564,2.8917525708188814,3_56,2A_6B,random
5.8210522936685285,2.351931661142556,3_57,2A_6B,block
5.793417545149614,2.3926994793302656,3_57,2A_6B,random
6.661134786256772,1.847170249538054,3_58,2A_6B,block
6.642432000125124,1.874966206255471,3_58,2A_6B,random
6.903413298026773,2.5272562855424487,3_59,2A_6B,block
6.907221202491262,2.5050690277218957,3_59,2A_6B,random
5.274773632271176,1.4729432763672767,3_60,2A_6B,block
5.314287698379962,1.4905678637806703,3_60,2A_6B,random
5.722095244743067,2.529512532475152,3_61,2A_6B,block
5.706272851592916,2.5360067565532365,3_61,2A_6B,random
6.6070270927076695,1.886691417434328,3_62,2A_6B,block
6.583626865146652,1.8773332224848194,3_62,2A_6B,random
6.407557988388909,1.5135424733935547,3_63,2A_6B,block
6.413583385644692,1.4154084649493428,3_63,2A_6B,random
5.802010707002704,2.185816072032399,3_64,2A_6B,block
5.783704012045574,2.1886943313132563,3_64,2A_6B,random
6.744132756835398,1.7576419990083922,3_65,2A_6B,block
6.751771675185147,1.7542941121817432,3_65,2A_6B,random
6.993618373326418,3.6759701858737364,3_66,2A_6B,block
7.0043948562525085,3.6128892005521034,3_66,2A_6B,random
6.791138431791271,3.633733352145919,3_67,2A_6B,block
6.8233671434357115,3.6502685914627246,3_67,2A_6B,random
5.920314785799137,2.866287221624278,3_68,2A_6B,block
5.9094368213893524,2.841981137240084,3_68,2A_6B,random
6.0796738833298924,1.9803481183741711,3_69,2A_6B,block
6.079149182382929,1.902816218321961,3_69,2A_6B,random
5.529901054011822,1.4670257946710388,3_70,2A_6B,block
5.507737488396803,1.4539872865629802,3_70,2A_6B,random
5.116430045272766,1.5161232955172292,3_71,2A_6B,block
5.16383622341956,1.4196371403772974,3_71,2A_6B,random
6.368898308094761,1.6079265606044246,3_72,2A_6B,block
6.342954639157276,1.6427657776529803,3_72,2A_6B,random
6.257157847860343,2.5372821543722646,3_73,2A_6B,block
6.25784067342277,2.525599186500515,3_73,2A_6B,random
5.293985668224689,2.975946948971794,3_74,2A_6B,block
5.307410680500285,2.938730311316333,3_74,2A_6B,random
6.6458169725461005,3.7497379373943494,3_75,2A_6B,block
6.659045698757315,3.702491838573212,3_75,2A_6B,random
7.0303385148,3.339031326127846,3_76,2A_6B,block
7.128843966552362,3.2661252561171086,3_76,2A_6B,random
5.3122260223063655,2.343312082291978,3_77,2A_6B,block
5.378309181538678,2.268091109784981,3_77,2A_6B,random
6.881792154123589,3.1112668685098335,3_78,2A_6B,block
6.9123066100870405,3.0384344752308894,3_78,2A_6B,random
6.7047099760758355,2.4047430879723244,3_79,2A_6B,block
6.720387642951586,2.4195375636977046,3_79,2A_6B,random
6.464494168576863,2.994597480558948,3_80,2A_6B,block
6.510832840455455,2.903683859875119,3_80,2A_6B,random
6.354361924846264,1.6576588926626308,3_81,2A_6B,block
6.33078252003887,1.6694436877985561,3_81,2A_6B,random
6.003197477100944,2.631278075897221,3_82,2A_6B,block
6.022554669888711,2.5896557146604815,3_82,2A_6B,random
5.69602758876691,1.3866800397201862,3_83,2A_6B,block
5.633944835800755,1.3846894207240341,3_83,2A_6B,random
6.668924936004124,3.4813506371993546,3_84,2A_6B,block
6.662397340057666,3.4372899725403556,3_84,2A_6B,random
6.20147615299469,3.613186055306141,3_85,2A_6B,block
6.19075552494085,3.5873828840134974,3_85,2A_6B,random
6.541315267645042,1.9221399854653647,3_86,2A_6B,block
6.530776560474765,1.9332678370955314,3_86,2A_6B,random
5.377297761057091,1.7901373842361346,3_87,2A_6B,block
5.368959564252297,1.6607003340862425,3_87,2A_6B,random
6.847554760389794,2.3169077464332877,3_88,2A_6B,block
6.888790503138305,2.299537305895883,3_88,2A_6B,random
6.919398774325135,3.1983616637032384,3_89,2A_6B,block
6.976675168724341,3.1556967209271685,3_89,2A_6B,random
6.687746229499149,2.9198951827340953,3_90,2A_6B,block
6.6874968680025635,2.897003649746554,3_90,2A_6B,random
6.413367827579776,2.9596890361356296,3_91,2A_6B,block
6.39155728541648,2.8577222068109704,3_91,2A_6B,random
6.216749334329894,1.6635429057688138,3_92,2A_6B,block
6.18460714641104,1.5701580710536003,3_92,2A_6B,random
6.979954281394885,3.801439785404512,3_93,2A_6B,block
7.089371374243591,3.697146800437862,3_93,2A_6B,random
5.432925806524779,1.5559215360812169,3_94,2A_6B,block
5.417064721470345,1.429866332503974,3_94,2A_6B,random
7.147984126756741,3.576249486676166,3_95,2A_6B,block
7.289936727227726,3.4579911197488857,3_95,2A_6B,random
6.749310194779094,2.5431704611224735,3_96,2A_6B,block
6.7689371727065435,2.493936042199265,3_96,2A_6B,random
6.633078096490247,2.005426581215597,3_97,2A_6B,block
6.602842990445284,1.9666132656224438,3_97,2A_6B,random
5.5772402198056,1.6165551261022335,3_98,2A_6B,block
5.58421564985114,1.617159275361777,3_98,2A_6B,random
5.065870828646937,1.8441824774841822,3_99,2A_6B,block
5.278469988420559,1.8263555018342672,3_99,2A_6B,random
5.82600267202279,2.314730070912651,3_100,2A_6B,block
5.828616068813297,2.3040213753862737,3_100,2A_6B,random
6.673244456716848,3.9598560314950957,3_101,2A_6B,block
6.680725009178584,3.9458029770500644,3_101,2A_6B,random
5.606790267425955,3.3357857100332615,3_102,2A_6B,block
5.637647543513243,3.191484589398897,3_102,2A_6B,random
4.243914054137429,1.3008527280836522,3_103,2A_6B,block
4.4020638213664585,1.3753858633382094,3_103,2A_6B,random
7.0062298046611815,2.105547782523339,3_104,2A_6B,block
7.068771858746808,2.1051977947630363,3_104,2A_6B,random
6.6071222202459,3.23985280442351,3_105,2A_6B,block
6.620514089476836,3.160689095550562,3_105,2A_6B,random
6.565177240747827,2.7787961276815807,3_106,2A_6B,block
6.580981376623228,2.7449669344233367,3_106,2A_6B,random
5.170642433201776,1.9125436704212107,3_107,2A_6B,block
5.192502959836846,1.9126046854028913,3_107,2A_6B,random
5.7505241901753905,1.8719401610109192,3_108,2A_6B,block
5.702820724412785,1.7971392699271298,3_108,2A_6B,random
5.274961019688161,2.9454719746199522,3_109,2A_6B,block
5.369151319473954,2.85117699340327,3_109,2A_6B,random
5.13931997226959,1.6177563843102523,3_110,2A_6B,block
5.197642496160405,1.6291520805131496,3_110,2A_6B,random
6.590594667690094,3.717476984431423,3_111,2A_6B,block
6.572434905351674,3.671545884088343,3_111,2A_6B,random
5.842473773112824,1.162049527584056,3_112,2A_6B,block
5.87336778873191,1.080461488771082,3_112,2A_6B,random
6.296251857710157,2.902982713029177,3_113,2A_6B,block
6.329505302806715,2.878189754217946,3_113,2A_6B,random
7.583859228829133,4.672503124631148,3_114,2A_6B,block
7.742785650308148,4.463701502877679,3_114,2A_6B,random
6.823006109125185,1.9430523534883597,3_115,2A_6B,block
6.8830446195499615,1.9036353241656465,3_115,2A_6B,random
5.902826206255984,1.6402453241653474,3_116,2A_6B,block
5.844774296556647,1.653469846695345,3_116,2A_6B,random
6.714372673904551,3.463082751158929,3_117,2A_6B,block
6.758673069345642,3.452342663299417,3_117,2A_6B,random
7.116217558848054,2.6005760118679824,3_118,2A_6B,block
7.269612407030408,2.606480669052646,3_118,2A_6B,random
6.144092036186417,1.6883515840263261,3_119,2A_6B,block
6.118685114250713,1.705019385435988,3_119,2A_6B,random
6.440621855552461,2.797072259340828,3_120,2A_6B,block
6.419711017473854,2.7379031900386437,3_120,2A_6B,random
6.192317707530544,2.9744415378985174,3_121,2A_6B,block
6.191810138622063,2.9790361514085246,3_121,2A_6B,random
6.648786001077467,1.8159638099620963,3_122,2A_6B,block
6.68594480549714,1.7950012725941313,3_122,2A_6B,random
5.321521527919243,1.6567263744505236,3_123,2A_6B,block
5.370677583578448,1.6737916451688601,3_123,2A_6B,random
5.621548040547228,1.885096555660296,3_124,2A_6B,block
5.634318361968846,1.8770721280280702,3_124,2A_6B,random
6.127609895597511,3.555425960132832,3_125,2A_6B,block
6.113812292356652,3.447984707057509,3_125,2A_6B,random
5.876111441904053,2.461333064307917,3_126,2A_6B,block
5.869849362250333,2.4837382617329045,3_126,2A_6B,random
6.29215659950346,1.8744716583995438,3_127,2A_6B,block
6.252267437050425,1.8853982361038395,3_127,2A_6B,random
6.524639288971856,2.9719333969415582,3_128,2A_6B,block
6.555395264974516,2.9574206369637843,3_128,2A_6B,random
5.168283352101389,1.8291761303582845,3_129,2A_6B,block
5.221525458856036,1.8103606825074785,3_129,2A_6B,random
7.076528339785364,3.7713122442140814,3_130,2A_6B,block
7.162991447786179,3.6359948957350134,3_130,2A_6B,random
6.858446390300902,2.018731198001921,3_131,2A_6B,block
6.921136230418227,1.994932083067977,3_131,2A_6B,random
6.39268666371605,2.854308728713345,3_132,2A_6B,block
6.355280890413314,2.78639041954591,3_132,2A_6B,random
6.328438242937674,2.5277663342385788,3_133,2A_6B,block
6.315174482077584,2.5127990966402507,3_133,2A_6B,random
6.645514432073624,2.054907290446916,3_134,2A_6B,block
6.637210194026215,2.0610821260390786,3_134,2A_6B,random
6.052665200904116,2.46946149132976,3_135,2A_6B,block
6.130504291106347,2.393378706328201,3_135,2A_6B,random
6.14874386097747,1.6917991354887503,3_136,2A_6B,block
6.097573125257525,1.659568646290051,3_136,2A_6B,random
5.9546284393704845,1.7671357317918786,3_137,2A_6B,block
5.956374822868753,1.790397264658798,3_137,2A_6B,random
4.893904714560835,2.657135572250174,3_138,2A_6B,block
4.960325762815063,2.6701040396268394,3_138,2A_6B,random
5.831849407480288,2.5522561067431875,3_139,2A_6B,block
5.8037379211841404,2.5368658959501005,3_139,2A_6B,random
6.431851761627967,2.761692380209494,3_140,2A_6B,block
6.415889364769617,2.730576127349616,3_140,2A_6B,random
6.643084761655394,1.9540484269989733,3_141,2A_6B,block
6.6594146865816075,1.9615239046626987,3_141,2A_6B,random
6.445687570171921,2.3762998362653955,3_142,2A_6B,block
6.409558888401582,2.2543623560688637,3_142,2A_6B,random
6.620224882196329,2.051338276725198,3_143,2A_6B,block
6.644391246769725,2.014905931661968,3_143,2A_6B,random
5.105854269000361,1.742883723175517,3_144,2A_6B,block
5.145095959419907,1.8129612744482924,3_144,2A_6B,random
6.8081695469161,3.1468787079123173,3_145,2A_6B,block
6.8389357745332635,3.0165421951158953,3_145,2A_6B,random
5.195825086173745,1.431487466493913,3_146,2A_6B,block
5.2298585610945745,1.431461158057626,3_146,2A_6B,random
6.458197605831721,2.398739575063355,3_147,2A_6B,block
6.447104447659774,2.359163508510227,3_147,2A_6B,random
5.378146365121056,1.4717327634386095,3_148,2A_6B,block
5.367047075545088,1.3116670315190146,3_148,2A_6B,random
6.177630433560451,2.939976601339017,3_149,2A_6B,block
6.163640736440961,2.864613963299135,3_149,2A_6B,random
6.176136127313745,2.206354747700335,3_150,2A_6B,block
6.141323688736869,2.231786663993423,3_150,2A_6B,random
5.314591071409592,2.189970793585128,3_151,2A_6B,block
5.3686854750929305,2.162576338634432,3_151,2A_6B,random
6.861358839444765,2.3841274607743563,3_152,2A_6B,block
6.8926967437841915,2.3619042634510254,3_152,2A_6B,random
4.93138731764669,1.505020423175636,3_153,2A_6B,block
5.001720132411346,1.4183710788115578,3_153,2A_6B,random
6.567596785144552,1.8544096962763437,3_154,2A_6B,block
6.552040878542911,1.8881164584989638,3_154,2A_6B,random
6.227601680840869,2.077898654633087,3_155,2A_6B,block
6.276419674843552,2.0064514315563162,3_155,2A_6B,random
5.2409547379087185,1.4082199721275899,3_156,2A_6B,block
5.260741761874218,1.4006170228317036,3_156,2A_6B,random
5.883739125024163,2.3021899054940897,3_157,2A_6B,block
5.820248504562915,2.2701148897799612,3_157,2A_6B,random
5.268585497909991,2.159555685967955,3_158,2A_6B,block
5.329408063465339,2.1412018205889525,3_158,2A_6B,random
6.662106680970931,1.9894992606867146,3_159,2A_6B,block
6.633999631647864,1.9930514166272482,3_159,2A_6B,random
5.480119478394911,1.6943069493216079,3_160,2A_6B,block
5.410878546497681,1.7319905692502,3_160,2A_6B,random
5.604904253574774,2.9244613184256947,3_161,2A_6B,block
5.604759908253897,2.898280195132737,3_161,2A_6B,random
7.098832782926783,4.986770964718633,3_162,2A_6B,block
7.097040544059298,4.757243890779945,3_162,2A_6B,random
6.285651429368418,2.8052509913041783,3_163,2A_6B,block
6.26406090121495,2.7661552225503834,3_163,2A_6B,random
6.422178417490148,2.117525028071478,3_164,2A_6B,block
6.428647116806248,1.9513449721032092,3_164,2A_6B,random
6.47586982793505,3.2744763831714296,3_165,2A_6B,block
6.347541544779636,3.190707749750513,3_165,2A_6B,random
5.822030573091322,1.9486855975419048,3_166,2A_6B,block
5.776765174588113,1.9501369070716765,3_166,2A_6B,random
6.753425907932748,2.306019465043623,3_167,2A_6B,block
6.743694335377806,2.270681685632498,3_167,2A_6B,random
6.833892079788413,2.442100666935616,3_168,2A_6B,block
6.865730013942738,2.4085009148183696,3_168,2A_6B,random
7.032446851170644,3.488484276659061,3_169,2A_6B,block
7.148490645885224,3.4339834436767056,3_169,2A_6B,random
6.9601755121256765,3.3217669171439983,3_170,2A_6B,block
7.041610707425884,3.215440301035276,3_170,2A_6B,random
5.50482252985452,2.77816751955696,3_171,2A_6B,block
5.494045441739749,2.762393709510746,3_171,2A_6B,random
6.014559688399062,1.6168714451953061,3_172,2A_6B,block
5.996586893829324,1.5578657004017304,3_172,2A_6B,random
6.386402782807513,2.953778450761908,3_173,2A_6B,block
6.370402771138561,2.992529322404379,3_173,2A_6B,random
6.608728264975431,2.988950654435096,3_174,2A_6B,block
6.608734263538962,2.9097744744893204,3_174,2A_6B,random
6.353539555813981,1.582308848859979,3_175,2A_6B,block
6.338215950849244,1.572019878616915,3_175,2A_6B,random
6.60676546041619,3.5285634746519,3_176,2A_6B,block
6.669729696409228,3.5492648463858756,3_176,2A_6B,random
7.035583434512338,3.8057492164582816,3_177,2A_6B,block
7.160963509718261,3.7371855502913345,3_177,2A_6B,random
5.8516272732544525,1.6411429351841995,3_178,2A_6B,block
5.842051180145619,1.6530092118699462,3_178,2A_6B,random
5.471757522420629,2.533867152270455,3_179,2A_6B,block
5.4513463241282505,2.517376271180341,3_179,2A_6B,random
6.505909404594023,1.9663745058681026,3_180,2A_6B,block
6.458258297828828,1.9587542229225097,3_180,2A_6B,random
6.2157052037049905,1.7579347676789303,3_181,2A_6B,block
6.187954588449941,1.7369862789467634,3_181,2A_6B,random
6.119171365475011,1.8987699466017913,3_182,2A_6B,block
6.099983767068592,1.9162849288377848,3_182,2A_6B,random
6.838512011349517,1.9455253467794231,3_183,2A_6B,block
6.947961830276497,1.8739575806926019,3_183,2A_6B,random
6.464104801684638,2.957754223844273,3_184,2A_6B,block
6.485136308366559,2.9023287677456846,3_184,2A_6B,random
5.608960078517377,1.3801188132607003,3_185,2A_6B,block
5.564769734693732,1.4185169451151416,3_185,2A_6B,random
6.708581777612656,4.165593724424273,3_186,2A_6B,block
6.71394417158891,4.089358459103803,3_186,2A_6B,random
6.788011821802344,2.3502067915945335,3_187,2A_6B,block
6.808187075222403,2.3280071613027906,3_187,2A_6B,random
6.822684970415086,3.196354185300333,3_188,2A_6B,block
6.840007421344335,3.1714757541631595,3_188,2A_6B,random
5.748159899546396,2.044551658020324,3_189,2A_6B,block
5.73293645823291,2.018368338652021,3_189,2A_6B,random
5.205480479512069,1.683492209601481,3_190,2A_6B,block
5.222774104504309,1.7036352213949215,3_190,2A_6B,random
6.560066288852266,2.5155207156774573,3_191,2A_6B,block
6.561923938997945,2.488013731472563,3_191,2A_6B,random
5.979314187668384,1.9789312178001648,3_192,2A_6B,block
5.963352617238673,1.9994417053623743,3_192,2A_6B,random
6.698419917493956,2.510921070185233,3_193,2A_6B,block
6.722265251822508,2.4795001675384425,3_193,2A_6B,random
6.189266295385137,1.7150152649851214,3_194,2A_6B,block
6.1597880882917035,1.7316708373798773,3_194,2A_6B,random
6.510821930354092,4.384627544510804,3_195,2A_6B,block
6.5106943825235675,4.340254747240945,3_195,2A_6B,random
5.370727227804688,4.061078599244025,3_196,2A_6B,block
5.400499446237083,3.9233522990259146,3_196,2A_6B,random
6.4675909273728305,3.572304218276014,3_197,2A_6B,block
6.503526585067961,3.5836114291664396,3_197,2A_6B,random
6.54150692748939,2.8258851994444787,3_198,2A_6B,block
6.5370370003147755,2.776250346003462,3_198,2A_6B,random
5.820365708212634,2.7157887156008735,3_199,2A_6B,block
5.830357370313017,2.7259247724058184,3_199,2A_6B,random
6.535700087345032,3.3148785250417765,3_200,2A_6B,block
6.554220691423749,3.2281406208318995,3_200,2A_6B,random
6.406531297810807,3.381023889527749,3_201,2A_6B,block
6.596417336145222,3.412367603894357,3_201,2A_6B,random
5.269428217454191,2.2031333952473,3_202,2A_6B,block
5.2491026559520355,2.1994820234495593,3_202,2A_6B,random
6.71549684440187,2.0428016582720216,3_203,2A_6B,block
6.723589333493754,2.0702809800589907,3_203,2A_6B,random
6.345054588000984,1.6128912652381548,3_204,2A_6B,block
6.313804766999105,1.633827895007558,3_204,2A_6B,random
5.6645776864397215,1.6531617903128577,3_205,2A_6B,block
5.652910712479787,1.637931514977945,3_205,2A_6B,random
6.768394925040429,2.619061690546777,3_206,2A_6B,block
6.790807294043196,2.585817522945567,3_206,2A_6B,random
5.69215408948423,2.218166949326124,3_207,2A_6B,block
5.6973220800683775,2.217567807194205,3_207,2A_6B,random
6.095503797667378,2.599908685443263,3_208,2A_6B,block
6.09856043130044,2.522879807821805,3_208,2A_6B,random
5.902865334200095,3.9853582092747497,3_209,2A_6B,block
5.934597620779638,3.918029110072383,3_209,2A_6B,random
5.839273398794774,2.848899345988882,3_210,2A_6B,block
5.837484580621586,2.7821996944046514,3_210,2A_6B,random
5.7509229674006335,1.5694299351345657,3_211,2A_6B,block
5.752008259417623,1.6134683233257108,3_211,2A_6B,random
6.21049980402715,1.798486134479194,3_212,2A_6B,block
6.169598790353982,1.696591100193055,3_212,2A_6B,random
7.066922081403982,2.2162027650642626,3_213,2A_6B,block
7.103262814345008,2.191124023937687,3_213,2A_6B,random
7.168792884476547,4.287252922702246,3_214,2A_6B,block
7.3586534012344105,4.237624607512015,3_214,2A_6B,random
6.358774980439089,2.8306735496118973,3_215,2A_6B,block
6.344525792824474,2.8326759268076285,3_215,2A_6B,random
6.764707824769431,3.5100447986847114,3_216,2A_6B,block
6.838767820625307,3.395380938734275,3_216,2A_6B,random
6.561745238636083,2.4046284529488555,3_217,2A_6B,block
6.563840824350752,2.4426924485120374,3_217,2A_6B,random
6.923363382289416,3.2840229152193845,3_218,2A_6B,block
6.995085518701967,3.2165893703602757,3_218,2A_6B,random
6.590737266804236,1.9599980832336747,3_219,2A_6B,block
6.660558481617668,1.9252467757342773,3_219,2A_6B,random
6.68525197490421,3.0137467875319945,3_220,2A_6B,block
6.711637479963987,2.9811242993785765,3_220,2A_6B,random
6.141264127850407,2.807226443852654,3_221,2A_6B,block
6.14890802806698,2.831307937956465,3_221,2A_6B,random
5.635362446463297,2.480314349850599,3_222,2A_6B,block
5.58810955123935,2.4887288244852304,3_222,2A_6B,random
5.597898390028135,1.9048994992303834,3_223,2A_6B,block
5.558840602353399,1.8963251742736287,3_223,2A_6B,random
6.3069816680395565,1.7189821576980666,3_224,2A_6B,block
6.288171025575254,1.7937071073157012,3_224,2A_6B,random
4.727952160191828,1.5520018352634388,3_225,2A_6B,block
4.862714554966349,1.5817413578523944,3_225,2A_6B,random
5.6684403112440265,2.3347984373270556,3_226,2A_6B,block
5.681666694634959,2.3256015410614586,3_226,2A_6B,random
6.945907457171601,2.438024388794587,3_227,2A_6B,block
6.995078970929585,2.3795934255283644,3_227,2A_6B,random
6.555440518989764,3.2213993962137666,3_228,2A_6B,block
6.578600334253073,3.1654256113527315,3_228,2A_6B,random
6.412902535905268,2.2471106692868177,3_229,2A_6B,block
6.398154359662427,2.2606386608318556,3_229,2A_6B,random
5.696648107001671,1.605326519310208,3_230,2A_6B,block
5.6698865564046255,1.5327760717436507,3_230,2A_6B,random
5.488246568909224,1.8830449610730606,3_231,2A_6B,block
5.511993879087621,1.8810431933908793,3_231,2A_6B,random
6.676221951146793,3.0099382675188417,3_232,2A_6B,block
6.7443437997665185,3.0001544372812283,3_232,2A_6B,random
6.381893872529538,3.324379227650205,3_233,2A_6B,block
6.377087905110561,3.2706367624597164,3_233,2A_6B,random
5.698907707447288,1.6682165179733457,3_234,2A_6B,block
5.676047507497642,1.615277916244521,3_234,2A_6B,random
6.644663630813595,2.00893205395716,3_235,2A_6B,block
6.697759349393593,1.9731301817393743,3_235,2A_6B,random
5.892790835026794,1.856664975842529,3_236,2A_6B,block
5.846814965266145,1.8626045457057383,3_236,2A_6B,random
6.889800909729674,2.7474068314686324,3_237,2A_6B,block
6.914972573449942,2.716242473636242,3_237,2A_6B,random
6.934235907393035,4.0032152422582366,3_238,2A_6B,block
6.9993850102660335,3.9286596044065503,3_238,2A_6B,random
5.9474591071568526,2.752697977552555,3_239,2A_6B,block
5.947605885349558,2.749374815898431,3_239,2A_6B,random
6.976364579766953,2.2284963046908137,3_240,2A_6B,block
7.0601174229266,2.2440276512217894,3_240,2A_6B,random
6.643817820798328,3.1096254041964406,3_241,2A_6B,block
6.604936027908209,3.038388201495527,3_241,2A_6B,random
6.3229106083462305,1.5205710828879488,3_242,2A_6B,block
6.310749339792506,1.5277636634085985,3_242,2A_6B,random
5.9568167599116855,1.5718478660772015,3_243,2A_6B,block
5.89618408265046,1.5817617564175817,3_243,2A_6B,random
5.8734284328671125,1.588427189212974,3_244,2A_6B,block
5.829273110261799,1.5747172091395516,3_244,2A_6B,random
6.254189524468071,1.982646354063476,3_245,2A_6B,block
6.254318417098547,1.9700541626413068,3_245,2A_6B,random
5.36175030558818,1.7747589303064322,3_246,2A_6B,block
5.361515231140054,1.6397713809069443,3_246,2A_6B,random
6.311394725580003,2.251889343891432,3_247,2A_6B,block
6.27951775298191,2.290682639664248,3_247,2A_6B,random
5.1953918107337795,1.4358641487562303,3_248,2A_6B,block
5.202168586473979,1.3892736464584452,3_248,2A_6B,random
6.079106356402917,1.6255160941429696,3_249,2A_6B,block
6.030886832749461,1.6401675930500006,3_249,2A_6B,random
5.815903815867995,2.126222077003333,3_250,2A_6B,block
5.704397582117858,2.09750184490227,3_250,2A_6B,random
6.416526137811742,3.208776344001836,3_251,2A_6B,block
6.419187935667436,3.1545291323311204,3_251,2A_6B,random
6.7110318675059055,2.617494782728695,3_252,2A_6B,block
6.73060525608001,2.547425423804401,3_252,2A_6B,random
6.065970715840778,3.5307223503765512,3_253,2A_6B,block
6.011725328853364,3.4230363558742023,3_253,2A_6B,random
5.941055636401813,1.7683923214744777,3_254,2A_6B,block
5.912114544583329,1.7185653898161133,3_254,2A_6B,random
6.517963193515028,1.8722605098069502,3_255,2A_6B,block
6.516720450698589,1.8806621392297365,3_255,2A_6B,random
4.856839565653228,1.4926385783319756,3_256,2A_6B,block
4.871461493568374,1.4751369248991553,3_256,2A_6B,random
5.885636190892186,2.0390676456955337,3_257,2A_6B,block
5.890557698364917,1.9665693393544919,3_257,2A_6B,random
5.715299999356617,2.3538000007472775,3_258,2A_6B,block
5.711451909051263,2.3310725947287283,3_258,2A_6B,random
5.780192725510622,2.073966940537651,3_259,2A_6B,block
5.757478021621725,2.171483815901425,3_259,2A_6B,random
6.579834802581156,2.553592258678372,3_260,2A_6B,block
6.500843865047626,2.3473782625028994,3_260,2A_6B,random
5.779368418342483,2.04144643036011,3_261,2A_6B,block
5.741221285485986,2.0276459214974034,3_261,2A_6B,random
5.753002972638523,1.8824085962094899,3_262,2A_6B,block
5.719500579443608,1.7822554647260405,3_262,2A_6B,random
6.496972366162182,2.0687014075044017,3_263,2A_6B,block
6.429105073624904,2.010270885186945,3_263,2A_6B,random
5.436437174095878,2.43405152265737,3_264,2A_6B,block
5.442365369528533,2.337880801773509,3_264,2A_6B,random
7.110866805114501,3.0304808014483333,3_265,2A_6B,block
7.220585828425662,2.9942651061574574,3_265,2A_6B,random
5.546513638061875,1.9588896079263947,3_266,2A_6B,block
5.55089602781254,1.9138553436041283,3_266,2A_6B,random
6.512954173498702,1.5733321785375152,3_267,2A_6B,block
6.544240981752969,1.4396495661994873,3_267,2A_6B,random
6.340896468333669,4.140685219901464,3_268,2A_6B,block
6.319001399792715,4.086456648113394,3_268,2A_6B,random
6.854126054834065,2.4726769409533906,3_269,2A_6B,block
6.892001625654884,2.4149222380241504,3_269,2A_6B,random
6.708068409007562,4.204052847846044,3_270,2A_6B,block
6.716144045746802,4.099109524166137,3_270,2A_6B,random
6.547504263981981,2.681583352463909,3_271,2A_6B,block
6.605968678802344,2.6877896271452513,3_271,2A_6B,random
5.887293533911005,2.556993699125844,3_272,2A_6B,block
5.861511321189294,2.5234373171904965,3_272,2A_6B,random
6.565413445151531,2.040792324028067,3_273,2A_6B,block
6.53632602514559,2.0845964055004895,3_273,2A_6B,random
5.478631129160026,2.5967391675737397,3_274,2A_6B,block
5.5137081047160965,2.520529446627174,3_274,2A_6B,random
5.655002301047026,1.8261463944146339,3_275,2A_6B,block
5.666441127075471,1.8102415927589273,3_275,2A_6B,random
6.5737829773033605,1.86064290257584,3_276,2A_6B,block
6.569422985514058,1.8872903888103463,3_276,2A_6B,random
6.325855466649523,2.0807838019391927,3_277,2A_6B,block
6.221525617269498,2.0430197429077688,3_277,2A_6B,random
7.353827907752541,4.695184188422831,3_278,2A_6B,block
7.612980260373261,4.497928708919175,3_278,2A_6B,random
6.205903640165512,3.10301860606279,3_279,2A_6B,block
6.1735909217962845,3.0680589626934944,3_279,2A_6B,random
5.576300374758466,1.8581799958295275,3_280,2A_6B,block
5.562088497570686,1.8246799855845688,3_280,2A_6B,random
6.371986900543135,3.5253157638398216,3_281,2A_6B,block
6.3583257018492585,3.5039725581758017,3_281,2A_6B,random
5.2756380948945685,2.488132585862336,3_282,2A_6B,block
5.324948572240703,2.4619954723869384,3_282,2A_6B,random
6.7631005832527915,3.9260231566681476,3_283,2A_6B,block
6.7997257271286,3.7538937666863075,3_283,2A_6B,random
6.841933656668246,2.031482301419158,3_284,2A_6B,block
6.888220621039852,2.05549182514682,3_284,2A_6B,random
7.173772384226048,3.891206313436192,3_285,2A_6B,block
7.349123722886368,3.841412456317049,3_285,2A_6B,random
6.13813631021844,1.4470192060606886,3_286,2A_6B,block
6.210170660312738,1.2800395381998069,3_286,2A_6B,random
6.586126271299484,2.537996389813082,3_287,2A_6B,block
6.569968455222181,2.506045888608366,3_287,2A_6B,random
6.144798941226901,2.063284992928411,3_288,2A_6B,block
6.141007886355996,2.027707700249662,3_288,2A_6B,random
6.439818949357756,2.0983159331197787,3_289,2A_6B,block
6.4350434309906825,2.1372020422959723,3_289,2A_6B,random
5.857607353924394,2.392390537119449,3_290,2A_6B,block
5.846195621217188,2.3884118091179536,3_290,2A_6B,random
6.850687546259024,2.457364836831667,3_291,2A_6B,block
6.86939444902688,2.443510889636085,3_291,2A_6B,random
6.6252489435915685,2.1307492900276097,3_292,2A_6B,block
6.620491627743241,2.0894636610534953,3_292,2A_6B,random
5.657111300143633,2.3535471259005027,3_293,2A_6B,block
5.662800031333082,2.33097760795071,3_293,2A_6B,random
5.8365310184278245,4.443452352935218,3_294,2A_6B,block
5.903001154974653,4.222278906973282,3_294,2A_6B,random
6.970646469302455,2.304957914084166,3_295,2A_6B,block
7.0376765681881155,2.2733901004585944,3_295,2A_6B,random
5.403378030716656,1.7528527492803663,3_296,2A_6B,block
5.42282214149509,1.7630156145245326,3_296,2A_6B,random
6.574147069543231,2.6269873683377973,3_297,2A_6B,block
6.475413709295326,2.4924182901729472,3_297,2A_6B,random
6.5494378747000335,1.739061031071589,3_298,2A_6B,block
6.561325510283151,1.7182483055593336,3_298,2A_6B,random
4.862881205532541,1.773187686319083,3_299,2A_6B,block
4.938054530235415,1.7095455658190102,3_299,2A_6B,random
5.333482400831659,1.7513564653053524,3_300,2A_6B,block
5.332220466099587,1.6013218944237688,3_300,2A_6B,random
7.20356355162345,4.134668150079676,3_301,2A_6B,block
7.429371951298176,4.009735035875106,3_301,2A_6B,random
6.536983049582421,3.9391851289730804,3_302,2A_6B,block
6.504554811721582,3.9035778294812187,3_302,2A_6B,random
6.583412385183178,1.8287039189921717,3_303,2A_6B,block
6.558907936019145,1.863836940041095,3_303,2A_6B,random
5.824710057726352,3.2184005048086863,3_304,2A_6B,block
5.826191692491912,3.221233927333339,3_304,2A_6B,random
6.682693280646268,2.7115637424564407,3_305,2A_6B,block
6.694747600347771,2.6607247065108175,3_305,2A_6B,random
6.508398097092849,1.6894675030873594,3_306,2A_6B,block
6.50441752196468,1.671586000638352,3_306,2A_6B,random
6.690551596480031,2.8225057576973507,3_307,2A_6B,block
6.7024202678907505,2.839830007359607,3_307,2A_6B,random
6.530610965997537,2.0498968623082563,3_308,2A_6B,block
6.522615386695321,2.110499664122443,3_308,2A_6B,random
6.435718710919742,1.7755619745225957,3_309,2A_6B,block
6.424238350838032,1.794587712671869,3_309,2A_6B,random
6.858403761131687,1.7364880722505895,3_310,2A_6B,block
6.879590005631606,1.7621063915240884,3_310,2A_6B,random
6.96921592886101,2.6485729020648123,3_311,2A_6B,block
7.0627672590649,2.6258566105318204,3_311,2A_6B,random
6.553532869219629,2.0127331318299913,3_312,2A_6B,block
6.46271654279734,2.0204459327255857,3_312,2A_6B,random
6.381241041490011,1.9466333129076756,3_313,2A_6B,block
6.316885024086257,1.962647924408554,3_313,2A_6B,random
5.195040468710464,4.145062136927498,3_314,2A_6B,block
5.22799255683572,4.078958922877512,3_314,2A_6B,random
6.793961163521332,2.399632990055723,3_315,2A_6B,block
6.818968792356476,2.3795399083666586,3_315,2A_6B,random
6.99910198598332,2.913637714736935,3_316,2A_6B,block
7.099963360986671,2.839074353522469,3_316,2A_6B,random
6.193319363231348,2.9748543601659403,3_317,2A_6B,block
6.185166916614745,2.9127464800259473,3_317,2A_6B,random
7.120099118372639,3.4015992061602023,3_318,2A_6B,block
7.213720611545143,3.2907237368209286,3_318,2A_6B,random
6.438072111474103,1.757358046588361,3_319,2A_6B,block
6.430883658150618,1.7682464000529454,3_319,2A_6B,random
6.350368189517306,2.060790257523906,3_320,2A_6B,block
6.343917191301591,2.115273456705421,3_320,2A_6B,random
6.907450833991806,3.1253180111809593,3_321,2A_6B,block
6.95941325711961,3.071589086591859,3_321,2A_6B,random
6.137800852474313,4.16703876569024,3_322,2A_6B,block
6.152747071703294,4.027481079939566,3_322,2A_6B,random
6.864364537208612,2.6916726256507935,3_323,2A_6B,block
6.905275918897747,2.630650919217609,3_323,2A_6B,random
6.159950144233855,1.85201603927942,3_324,2A_6B,block
6.131400804134048,1.8261516711603987,3_324,2A_6B,random
6.797962965397833,3.7853507262128665,3_325,2A_6B,block
6.769153614306655,3.7384980043436657,3_325,2A_6B,random
6.4584035628557395,3.6841717827786447,3_326,2A_6B,block
6.422884695893503,3.5791514892549374,3_326,2A_6B,random
7.067358656656288,3.9878240739900708,3_327,2A_6B,block
7.188361633185962,3.912587407017365,3_327,2A_6B,random
6.979099256161,1.8305006445925485,3_328,2A_6B,block
6.96974135828164,1.8731075537110313,3_328,2A_6B,random
6.3687483797788005,2.8728180044665788,3_329,2A_6B,block
6.354343987058419,2.8284800215424335,3_329,2A_6B,random
5.994679087088173,1.7378624202107578,3_330,2A_6B,block
5.955917363202951,1.772712232507184,3_330,2A_6B,random
6.376827988853892,2.5214899870240375,3_331,2A_6B,block
6.313300692518135,2.5456193109555416,3_331,2A_6B,random
6.054989341819641,2.4905347928202426,3_332,2A_6B,block
6.032261784474725,2.4652861739011906,3_332,2A_6B,random
5.870829978525042,2.6377778484343013,3_333,2A_6B,block
5.839854755196589,2.6724030729597104,3_333,2A_6B,random
5.746639184030947,2.2476036617118353,3_334,2A_6B,block
5.693608253218025,2.093219360203926,3_334,2A_6B,random
6.811525914228312,2.896041814021928,3_335,2A_6B,block
6.844415395848882,2.8513080105678332,3_335,2A_6B,random
6.484850381398871,2.9326552742506715,3_336,2A_6B,block
6.425259013206759,2.8762616275864668,3_336,2A_6B,random
6.770326048264144,2.5598838753680164,3_337,2A_6B,block
6.759033143384302,2.5531713362460424,3_337,2A_6B,random
5.2697703780255605,1.653803014705602,3_338,2A_6B,block
5.284091431869454,1.5084030793428393,3_338,2A_6B,random
5.526020279145772,1.6156839227530226,3_339,2A_6B,block
5.526524015470494,1.6404056969259158,3_339,2A_6B,random
7.02010759997027,3.6434805109735446,3_340,2A_6B,block
7.124566800658826,3.5665561624167372,3_340,2A_6B,random
5.856875223907526,2.3897810233999204,3_341,2A_6B,block
5.846169392182691,2.49194174095337,3_341,2A_6B,random
5.444586507304473,1.4262593945927284,3_342,2A_6B,block
5.446214604814834,1.4038678552039583,3_342,2A_6B,random
7.070723840099603,2.7389494782998955,3_343,2A_6B,block
7.08985065590432,2.627395214311056,3_343,2A_6B,random
5.013799813215771,1.7146999021800922,3_344,2A_6B,block
5.015595656346645,1.700945415443845,3_344,2A_6B,random
6.628631597688706,3.0243764089064724,3_345,2A_6B,block
6.628644601788748,2.9164288556479203,3_345,2A_6B,random
6.2656616665005185,1.736302127703285,3_346,2A_6B,block
6.217925855893999,1.7207831223309502,3_346,2A_6B,random
5.671547424064124,1.7121638505453274,3_347,2A_6B,block
5.6298341207466756,1.6564402520645127,3_347,2A_6B,random
7.021790210909217,4.075748630806037,3_348,2A_6B,block
7.108631878042926,4.046147669327902,3_348,2A_6B,random
6.629774669564672,1.9023654305043352,3_349,2A_6B,block
6.614806844630193,1.8739989269903923,3_349,2A_6B,random
5.855332567825853,2.308508181799061,3_350,2A_6B,block
5.8460635189056305,2.3069289742814547,3_350,2A_6B,random
5.044830433223568,1.3230580098211924,3_351,2A_6B,block
5.064767213764981,1.2989180544607504,3_351,2A_6B,random
6.014307718799155,1.8647846752947306,3_352,2A_6B,block
5.999359761351737,1.7867583430731937,3_352,2A_6B,random
6.466610262767567,1.468755839202498,3_353,2A_6B,block
6.486774221676608,1.3776577636239695,3_353,2A_6B,random
6.527733593914064,2.486682769367148,3_354,2A_6B,block
6.5564647640983935,2.4248375747632016,3_354,2A_6B,random
5.991205883244403,1.6944519894385381,3_355,2A_6B,block
5.9702739818403,1.712340067005718,3_355,2A_6B,random
6.857068288898541,3.0758101878738113,3_356,2A_6B,block
6.916901714331624,2.969765788196901,3_356,2A_6B,random
5.999688851893497,1.9852359622308844,3_357,2A_6B,block
5.982663819961555,1.8608420601502405,3_357,2A_6B,random
6.8860920909307675,2.638659447161864,3_358,2A_6B,block
6.93485352168686,2.5983530492105613,3_358,2A_6B,random
6.3630317228150055,2.300636968415571,3_359,2A_6B,block
6.359745144876468,2.315480850924734,3_359,2A_6B,random
6.547979727723111,2.4588264508562414,3_360,2A_6B,block
6.615848407460065,2.440816187765223,3_360,2A_6B,random
5.939612580753382,1.5391584303892074,3_361,2A_6B,block
5.905586192543105,1.5270817247902424,3_361,2A_6B,random
5.939449444972157,2.4434439525384892,3_362,2A_6B,block
5.913911997532475,2.5037136037857484,3_362,2A_6B,random
7.080937863259868,3.1227856952429756,3_363,2A_6B,block
7.201416885792739,3.0169985620071476,3_363,2A_6B,random
6.248942377062149,1.6940540338766175,3_364,2A_6B,block
6.222529450599739,1.7150601579724,3_364,2A_6B,random
6.66852229524247,2.3212015197533313,3_365,2A_6B,block
6.773591251059558,2.3501473994758646,3_365,2A_6B,random
7.221972147567309,4.142854215312456,3_366,2A_6B,block
7.411716670742722,4.0412289852856755,3_366,2A_6B,random
6.779644947451959,2.9590941271030156,3_367,2A_6B,block
6.797188984416069,2.930995206221354,3_367,2A_6B,random
5.6939920825194505,2.108959522560431,3_368,2A_6B,block
5.691359821724372,2.1283634371251074,3_368,2A_6B,random
5.010721581093868,2.9899157232602556,3_369,2A_6B,block
5.06378922658427,2.94436237395731,3_369,2A_6B,random
6.797803535316968,3.2334986734694287,3_370,2A_6B,block
6.8442853656413885,3.1917458458980836,3_370,2A_6B,random
5.790793607296559,2.1740351625304672,3_371,2A_6B,block
5.721360393576372,2.1748833390248183,3_371,2A_6B,random
5.7619969354105915,1.8408330295426882,3_372,2A_6B,block
5.739351450692325,1.8465558065467864,3_372,2A_6B,random
6.961016853622723,3.2298645982508325,3_373,2A_6B,block
7.045630124403063,3.140033591509681,3_373,2A_6B,random
6.302103205599748,1.6218475325419395,3_374,2A_6B,block
6.304303945594212,1.5676678874074264,3_374,2A_6B,random
6.900389418915653,2.2545939804450903,3_375,2A_6B,block
6.947039279907134,2.2383437516647398,3_375,2A_6B,random
5.728497251841201,4.775269973922274,3_376,2A_6B,block
5.721627231850492,4.743695652614694,3_376,2A_6B,random
6.850711722725553,2.4476397431271537,3_377,2A_6B,block
6.920002678088771,2.3520759616419813,3_377,2A_6B,random
6.518835056754929,2.42787487506243,3_378,2A_6B,block
6.462474115990807,2.4144490691758347,3_378,2A_6B,random
5.338033317722724,1.4385093853956288,3_379,2A_6B,block
5.365914222549485,1.4501044452697385,3_379,2A_6B,random
6.762269976889668,3.907208214597196,3_380,2A_6B,block
6.7844096547659785,3.878474175545633,3_380,2A_6B,random
6.414631454620351,1.628006057124567,3_381,2A_6B,block
6.403859816608373,1.5911800087892343,3_381,2A_6B,random
6.294431247060218,2.6308024973932627,3_382,2A_6B,block
6.259177154337708,2.640883950651311,3_382,2A_6B,random
6.208054709955464,1.9812377264773782,3_383,2A_6B,block
6.199658252569721,1.9049878194071361,3_383,2A_6B,random
5.770221891522248,1.9238926197644326,3_384,2A_6B,block
5.768082132263531,1.9546044203341613,3_384,2A_6B,random
6.794842683923921,1.8373141214271058,3_385,2A_6B,block
6.796474882189736,1.8427938289474277,3_385,2A_6B,random
6.955713767935803,2.486029787184219,3_386,2A_6B,block
7.0212089705031975,2.4427477697505218,3_386,2A_6B,random
6.766499999143301,3.3215999980587823,3_387,2A_6B,block
6.682740813983989,3.0962319281292494,3_387,2A_6B,random
5.267236505210411,1.4106305756065805,3_388,2A_6B,block
5.296672801236655,1.3846293904622768,3_388,2A_6B,random
6.917527952275734,2.2714090312448825,3_389,2A_6B,block
6.948683953394309,2.3010301973916545,3_389,2A_6B,random
5.876019706452653,1.7664347373111542,3_390,2A_6B,block
5.873437256089655,1.7178610591708126,3_390,2A_6B,random
7.101387681675996,5.457592790817981,3_391,2A_6B,block
7.239432943213158,5.326441252033736,3_391,2A_6B,random
6.9077754775910565,4.397541947952135,3_392,2A_6B,block
6.925940265576719,4.344774991579827,3_392,2A_6B,random
6.455298197744264,2.0552598391958528,3_393,2A_6B,block
6.440870073007396,2.0681308401908516,3_393,2A_6B,random
6.8209541369018165,3.3700964736883607,3_394,2A_6B,block
6.848819900930886,3.2951403186582393,3_394,2A_6B,random
6.39998038650084,2.6779232881238855,3_395,2A_6B,block
6.360962624693907,2.6617665662984993,3_395,2A_6B,random
6.63209318654231,2.4962767719761243,3_396,2A_6B,block
6.605701463807456,2.466631046801977,3_396,2A_6B,random
6.807821578984417,3.4043432898459782,3_397,2A_6B,block
6.840357474581473,3.28501422940995,3_397,2A_6B,random
6.522352254222435,3.5784425430944236,3_398,2A_6B,block
6.519970133682137,3.5137805034630936,3_398,2A_6B,random
5.4172608986263775,1.734284180818496,3_399,2A_6B,block
5.407389347471804,1.6258619634155116,3_399,2A_6B,random
6.8983938685097455,2.3940856727825004,3_400,2A_6B,block
6.956110793105536,2.405199954361526,3_400,2A_6B,random
6.123041343937945,2.8658835091580506,3_401,2A_6B,block
6.132013986345186,2.8676042741585026,3_401,2A_6B,random
6.685485093545867,1.811257502045641,3_402,2A_6B,block
6.673622438248694,1.8556330257951523,3_402,2A_6B,random
5.967960350431018,3.9789919657840147,3_403,2A_6B,block
5.858420461816751,3.987703953695311,3_403,2A_6B,random
5.848559064856794,2.7958384651480404,3_404,2A_6B,block
5.844510135359423,2.803486390594995,3_404,2A_6B,random
7.026044115085238,3.236756347928652,3_405,2A_6B,block
7.114085787051259,3.1558420310713524,3_405,2A_6B,random
6.334582630798353,1.4730695498632773,3_406,2A_6B,block
6.356432880787742,1.4444228613561712,3_406,2A_6B,random
5.263498994603918,1.4936262072321222,3_407,2A_6B,block
5.274997194833433,1.3635220286728533,3_407,2A_6B,random
6.922058839093333,2.8244876947433335,3_408,2A_6B,block
6.952260312655117,2.8367815075322467,3_408,2A_6B,random
6.176633502159818,1.6517353471024876,3_409,2A_6B,block
6.1319979423413375,1.6765250406453864,3_409,2A_6B,random
6.87547079816392,2.5101612124254964,3_410,2A_6B,block
6.908322195915194,2.4711306764327112,3_410,2A_6B,random
5.7215143252118725,2.057728178100607,3_411,2A_6B,block
5.675489864274226,2.0702446373577796,3_411,2A_6B,random
5.289856020421611,1.7308230285413735,3_412,2A_6B,block
5.2956829799371965,1.5857354085110438,3_412,2A_6B,random
6.522756252350293,3.438765440209867,3_413,2A_6B,block
6.696229045668702,3.3526454526152807,3_413,2A_6B,random
6.501078908505281,2.0863236109367347,3_414,2A_6B,block
6.520353337376349,2.1400801020567264,3_414,2A_6B,random
7.197419042504331,3.277563792224576,3_415,2A_6B,block
7.346858166814921,3.166890815871609,3_415,2A_6B,random
5.924820987902326,1.9945449012962289,3_416,2A_6B,block
5.878091232297121,1.9766719271132973,3_416,2A_6B,random
4.8985081347236274,1.2057889290482235,3_417,2A_6B,block
4.909048165339768,1.1124571400294196,3_417,2A_6B,random
6.704905197178251,2.957107199371686,3_418,2A_6B,block
6.726134913385927,2.926139622984166,3_418,2A_6B,random
6.414540728535636,1.9703579198807908,3_419,2A_6B,block
6.414280215109755,1.8559248747074322,3_419,2A_6B,random
5.4512062993012105,1.5176647453018273,3_420,2A_6B,block
5.443113992420294,1.4195365497840506,3_420,2A_6B,random
5.573563367679283,2.8692120055599024,3_421,2A_6B,block
5.519321459409509,2.898629775114109,3_421,2A_6B,random
7.245538276224545,3.2741549422638165,3_422,2A_6B,block
7.2752326358406965,3.1225441402989698,3_422,2A_6B,random
5.647981845815335,1.8737716212967628,3_423,2A_6B,block
5.627403692964856,1.8661181055658913,3_423,2A_6B,random
6.678073944049939,2.4746084414298126,3_424,2A_6B,block
6.695538367983078,2.4269349885564555,3_424,2A_6B,random
5.3381186638040194,1.7396577265289657,3_425,2A_6B,block
5.341084694311306,1.6193883150705866,3_425,2A_6B,random
6.978230407585593,2.4468642215087133,3_426,2A_6B,block
6.960155303814,2.378254247447981,3_426,2A_6B,random
6.382689536656745,2.8851665925934538,3_427,2A_6B,block
6.367981828470809,2.854833478740507,3_427,2A_6B,random
5.378188454672275,1.756058883062488,3_428,2A_6B,block
5.39386945717334,1.730212661205452,3_428,2A_6B,random
6.688043938957632,3.862381948685586,3_429,2A_6B,block
6.715796332033735,3.82431491050763,3_429,2A_6B,random
4.989939048444164,1.6990382385118117,3_430,2A_6B,block
5.012399005027776,1.7462367365115963,3_430,2A_6B,random
5.559207052128025,2.409697182134895,3_431,2A_6B,block
5.540303488324966,2.390697322006978,3_431,2A_6B,random
5.78375844284412,1.8481355126344603,3_432,2A_6B,block
5.73026618270115,1.8706219935609456,3_432,2A_6B,random
4.769328852835693,1.7872076217523243,3_433,2A_6B,block
4.898405806901028,1.7460498799080657,3_433,2A_6B,random
5.927888805912808,2.248225670173694,3_434,2A_6B,block
5.8975730932892745,2.22352587612662,3_434,2A_6B,random
6.065777116344487,3.4737665845487147,3_435,2A_6B,block
6.067470808325177,3.3802390254593395,3_435,2A_6B,random
6.666607085067875,3.623768530878652,3_436,2A_6B,block
6.684393426557532,3.5624357823607578,3_436,2A_6B,random
4.8774010189075705,1.5917682017973331,3_437,2A_6B,block
4.976975763060922,1.5565643378560998,3_437,2A_6B,random
6.853771060103187,3.7290998637846338,3_438,2A_6B,block
6.932358646958454,3.667447026904412,3_438,2A_6B,random
5.234239714204444,1.628216244993467,3_439,2A_6B,block
5.251284901681975,1.5050395937721475,3_439,2A_6B,random
5.893253310025985,1.6876592827880366,3_440,2A_6B,block
5.8919585411640085,1.7048841581935252,3_440,2A_6B,random
5.608875603847141,1.5364975459342578,3_441,2A_6B,block
5.5881387840914165,1.4875589785160495,3_441,2A_6B,random
5.314271626718195,1.8975815504550118,3_442,2A_6B,block
5.330229214962062,1.9499183597617045,3_442,2A_6B,random
6.116419614687275,1.93141188597619,3_443,2A_6B,block
6.093782825542007,1.9347334166099825,3_443,2A_6B,random
6.693656820775132,2.0113044322744162,3_444,2A_6B,block
6.692693790921509,2.022129982503698,3_444,2A_6B,random
6.391284255272426,3.2170617985811703,3_445,2A_6B,block
6.41940342726728,3.1726842230250756,3_445,2A_6B,random
6.905900031622702,2.335104977679583,3_446,2A_6B,block
6.9500099885637585,2.310541470420632,3_446,2A_6B,random
6.5652489540686325,2.0558520643798155,3_447,2A_6B,block
6.560426813786304,2.067735936917434,3_447,2A_6B,random
6.008331697501792,2.1258740389676585,3_448,2A_6B,block
5.980024220918083,2.08219113235555,3_448,2A_6B,random
6.554549769927539,2.406785880349611,3_449,2A_6B,block
6.54716407224392,2.3787310096478618,3_449,2A_6B,random
6.0538239437976396,3.3755313150009205,3_450,2A_6B,block
5.988439229756372,3.318804945485126,3_450,2A_6B,random
5.989047576953904,1.8586569756184366,3_451,2A_6B,block
5.98771638924396,1.8462408759840845,3_451,2A_6B,random
6.3267611655836316,2.6991961822941324,3_452,2A_6B,block
6.315650312698676,2.6263265576668804,3_452,2A_6B,random
6.73859191346901,2.6924440316339284,3_453,2A_6B,block
6.767958203823552,2.6832249178011196,3_453,2A_6B,random
6.457459022691845,2.2498277892198133,3_454,2A_6B,block
6.451559972155987,2.2320198784329377,3_454,2A_6B,random
5.396806187480181,1.449322805486346,3_455,2A_6B,block
5.4051697785661705,1.4683144494039324,3_455,2A_6B,random
6.470083609364529,2.5298570989901763,3_456,2A_6B,block
6.468302452713374,2.5208425817450415,3_456,2A_6B,random
5.030799489918957,1.8031957455082814,3_457,2A_6B,block
5.074456307437428,1.7897808896826266,3_457,2A_6B,random
6.855901137752519,2.1562252949048424,3_458,2A_6B,block
6.917767829888058,2.1138037414198534,3_458,2A_6B,random
7.106960570588812,3.983236860575579,3_459,2A_6B,block
7.219419633227481,3.781214494194092,3_459,2A_6B,random
5.3272488884187945,1.3967625976666254,3_460,2A_6B,block
5.324796119092368,1.2917096005309805,3_460,2A_6B,random
6.6117121785746225,2.8711132708696443,3_461,2A_6B,block
6.570928258003809,2.8268185492021285,3_461,2A_6B,random
5.838292313744313,2.728810872097866,3_462,2A_6B,block
5.913334492103233,2.730428987201167,3_462,2A_6B,random
7.07412644130142,3.8002792807534105,3_463,2A_6B,block
7.179500051691145,3.6952915417793064,3_463,2A_6B,random
5.393780009346425,2.4803253189959675,3_464,2A_6B,block
5.3846768515386465,2.4781152237592066,3_464,2A_6B,random
6.236812307545584,3.230799109109447,3_465,2A_6B,block
6.193219695395957,3.177890297505571,3_465,2A_6B,random
6.021907702814792,1.817449874798738,3_466,2A_6B,block
5.982614263604079,1.8393573530357452,3_466,2A_6B,random
5.094829218928219,1.5046252471925046,3_467,2A_6B,block
5.210323035506129,1.5010539608595201,3_467,2A_6B,random
5.803690138363203,3.4240166221284642,3_468,2A_6B,block
5.806403903973765,3.3568623439521525,3_468,2A_6B,random
6.924509384496407,2.386846721536531,3_469,2A_6B,block
6.981622791166322,2.364053529041451,3_469,2A_6B,random
5.493120607721619,2.3924475135685324,3_470,2A_6B,block
5.479246594227772,2.372351865209092,3_470,2A_6B,random
6.570147635021414,3.3687150001567425,3_471,2A_6B,block
6.579695410351869,3.250590268221041,3_471,2A_6B,random
5.228764519490157,1.7398991855496173,3_472,2A_6B,block
5.228554912397369,1.7712175809776056,3_472,2A_6B,random
5.9383155886954615,2.6360148902489042,3_473,2A_6B,block
5.958819128106072,2.6291117603572305,3_473,2A_6B,random
6.864424583241444,1.579892026199287,3_474,2A_6B,block
6.879375043437413,1.6028466825036243,3_474,2A_6B,random
6.553275976677604,2.0330132370218896,3_475,2A_6B,block
6.500354530083065,2.1187499139245394,3_475,2A_6B,random
5.38479503970299,1.5790790003824147,3_476,2A_6B,block
5.379815378655154,1.52544189076407,3_476,2A_6B,random
5.166725927760256,1.7202636701546725,3_477,2A_6B,block
5.151534072963133,1.6183508612940356,3_477,2A_6B,random
6.351172386285587,3.1268430284600712,3_478,2A_6B,block
6.325872608775694,3.12446105522171,3_478,2A_6B,random
5.9023647445145215,2.3757495766886167,3_479,2A_6B,block
5.890324557373981,2.3774147104798367,3_479,2A_6B,random
6.527197430132075,1.7922387446082375,3_480,2A_6B,block
6.498122966177171,1.8136201518369899,3_480,2A_6B,random
5.7119111460595855,1.5965687867089509,3_481,2A_6B,block
5.678742699573572,1.493213108980993,3_481,2A_6B,random
6.847814681831503,2.8866236940737062,3_482,2A_6B,block
6.897639422066764,2.849895633228385,3_482,2A_6B,random
6.259717425853763,3.01069373605665,3_483,2A_6B,block
6.235019028710553,2.976169758095428,3_483,2A_6B,random
6.1038572193649365,1.4908030268023382,3_484,2A_6B,block
6.088020571926069,1.5246739924708912,3_484,2A_6B,random
6.726731874179068,2.202498204559656,3_485,2A_6B,block
6.724330656020708,2.1986697418097836,3_485,2A_6B,random
6.4028886755621395,1.860101318548991,3_486,2A_6B,block
6.344916218063697,1.7935153626853215,3_486,2A_6B,random
5.438061481459325,1.8644043596635336,3_487,2A_6B,block
5.468266433514779,1.8647546225984049,3_487,2A_6B,random
6.523350256091988,2.1037233380211475,3_488,2A_6B,block
6.474635673772182,2.0888374015644917,3_488,2A_6B,random
5.706145786657794,2.394837668776104,3_489,2A_6B,block
5.679447822265637,2.354958800479138,3_489,2A_6B,random
6.86011801576645,4.060179213565476,3_490,2A_6B,block
6.866304564352715,3.9019147305138886,3_490,2A_6B,random
6.935345079744435,2.892186552408842,3_491,2A_6B,block
6.931563803506187,2.8009903372610676,3_491,2A_6B,random
6.42206234150927,1.9329884933685793,3_492,2A_6B,block
6.433241341716263,1.8822357489515111,3_492,2A_6B,random
5.964739877319304,1.7237129031506861,3_493,2A_6B,block
5.904555821682475,1.7304806205914662,3_493,2A_6B,random
6.775504542495957,1.6723465903109183,3_494,2A_6B,block
6.805882664307978,1.677196546993489,3_494,2A_6B,random
5.839235683170296,1.8466500169952413,3_495,2A_6B,block
5.854454527551017,1.7955639282935723,3_495,2A_6B,random
5.75708785140853,2.747125780409254,3_496,2A_6B,block
5.774239546164477,2.7725938388575755,3_496,2A_6B,random
5.025759786432459,2.1148192394819176,3_497,2A_6B,block
5.1038542476293385,2.1310057517596515,3_497,2A_6B,random
5.846634645475055,2.1922746252409686,3_498,2A_6B,block
5.87601511846792,2.156868089731282,3_498,2A_6B,random
5.453985186410765,2.015861087618001,3_499,2A_6B,block
5.452432178777386,1.8412971385246326,3_499,2A_6B,random
4.813300029384322,3.2251248963581176,3_500,2A_6B,block
4.889112212356333,3.1669582750262117,3_500,2A_6B,random
6.432870150570613,2.9365674491011875,3_501,2A_6B,block
6.390744191725801,2.837190294171582,3_501,2A_6B,random
6.93057238780513,2.6913349528880945,3_502,2A_6B,block
6.995848044575701,2.64946650598959,3_502,2A_6B,random
6.680727086239788,2.086381427833101,3_503,2A_6B,block
6.589606470194262,2.0699434134026786,3_503,2A_6B,random
6.39919796736898,1.6275293157056292,3_504,2A_6B,block
6.355519536029653,1.6306337728483375,3_504,2A_6B,random
6.5954326375891315,3.9671168333192464,3_505,2A_6B,block
6.5803983487237385,3.8346688449299857,3_505,2A_6B,random
6.109130288309161,1.6974726340036135,3_506,2A_6B,block
6.0256625629867555,1.6434627856514918,3_506,2A_6B,random
6.157509961921503,1.9160825857554329,3_507,2A_6B,block
6.14601956969854,1.9481563232453627,3_507,2A_6B,random
6.339597688186621,3.5084199112448107,3_508,2A_6B,block
6.3284016157604706,3.4029393904564595,3_508,2A_6B,random
6.54509184918977,3.065848061949689,3_509,2A_6B,block
6.543498775077336,2.9247683857539926,3_509,2A_6B,random
6.487357631588022,1.7198725869764198,3_510,2A_6B,block
6.469774974439586,1.7374199192117303,3_510,2A_6B,random
6.565947775356891,3.903167045411079,3_511,2A_6B,block
6.592062846291672,3.7207400350920867,3_511,2A_6B,random
6.997841257957071,2.724271182707022,3_512,2A_6B,block
7.09828724187971,2.6382559547542037,3_512,2A_6B,random
6.600547491190625,2.2582922655252036,3_513,2A_6B,block
6.657114058214363,2.1322138113282785,3_513,2A_6B,random
5.760506361993141,1.3481624324763515,3_514,2A_6B,block
5.758278907522193,1.3535838133408717,3_514,2A_6B,random
6.898611358292165,2.631335535918466,3_515,2A_6B,block
6.9365869561849305,2.599753883266393,3_515,2A_6B,random
5.924691597084198,1.858129141933993,3_516,2A_6B,block
5.87389679941394,1.7928339455575604,3_516,2A_6B,random
5.337206758438088,1.9414614749366508,3_517,2A_6B,block
5.324008772298789,1.758689194814406,3_517,2A_6B,random
4.999752276766278,1.9692087881103524,3_518,2A_6B,block
5.053155515347649,1.940004972969892,3_518,2A_6B,random
6.0374142635771,3.422677810208679,3_519,2A_6B,block
6.0328255968412465,3.311454292784201,3_519,2A_6B,random
6.321420831222967,1.8520753655216933,3_520,2A_6B,block
6.281651962831221,1.833500449374871,3_520,2A_6B,random
6.474027949521547,1.6583373392180452,3_521,2A_6B,block
6.476209916233945,1.5383131084686115,3_521,2A_6B,random
7.131302785584544,4.014739140854941,3_522,2A_6B,block
7.2818387222989305,3.8910765850279576,3_522,2A_6B,random
5.068289380603066,1.9197205343036634,3_523,2A_6B,block
5.124227756060215,1.8895300258083287,3_523,2A_6B,random
5.5170220800651055,2.395784976996942,3_524,2A_6B,block
5.485740767861485,2.378705985149833,3_524,2A_6B,random
6.116150053603727,2.7243231428047676,3_525,2A_6B,block
6.0681070438226365,2.701212900384506,3_525,2A_6B,random
5.965344272988096,3.4528324621442112,3_526,2A_6B,block
5.956629252398057,3.453257340799349,3_526,2A_6B,random
6.957335987812952,2.5030634164460905,3_527,2A_6B,block
7.058966281948193,2.4963391163073303,3_527,2A_6B,random
6.70852236804879,2.9184283179331065,3_528,2A_6B,block
6.7347508374800045,2.8414329204661777,3_528,2A_6B,random
5.044235177386012,1.6918485564688304,3_529,2A_6B,block
5.045317282384149,1.5785316153112654,3_529,2A_6B,random
5.508133755489186,1.657927601569631,3_530,2A_6B,block
5.46448306959002,1.8543517000180314,3_530,2A_6B,random
6.751490768583569,2.175449805620851,3_531,2A_6B,block
6.7482333411685165,2.1891313395879983,3_531,2A_6B,random
6.795248993173191,4.211481660405681,3_532,2A_6B,block
6.8150225113821,3.9977885750302713,3_532,2A_6B,random
5.204660418669363,1.6521220533007448,3_533,2A_6B,block
5.217707423388964,1.5358396451429392,3_533,2A_6B,random
6.611296684370869,2.0534003070960747,3_534,2A_6B,block
6.552924654646912,2.0188279853337265,3_534,2A_6B,random
5.51766376810362,2.712071041142726,3_535,2A_6B,block
5.528332903293804,2.6610313575445916,3_535,2A_6B,random
5.157309704331461,1.5683248472263316,3_536,2A_6B,block
5.1999790745306536,1.605679690486194,3_536,2A_6B,random
6.016301584362765,2.6689450125115037,3_537,2A_6B,block
6.029274213562628,2.60458119787144,3_537,2A_6B,random
6.412822138672963,2.3285013102615553,3_538,2A_6B,block
6.407666962311818,2.2949655959756514,3_538,2A_6B,random
6.499164740176155,2.5412914286585755,3_539,2A_6B,block
6.49910280065679,2.456837478096616,3_539,2A_6B,random
5.43092983483818,1.9784760046917529,3_540,2A_6B,block
5.455086147298284,1.9772405557057326,3_540,2A_6B,random
6.625270654150933,1.784681202715981,3_541,2A_6B,block
6.612122042751844,1.801758462833011,3_541,2A_6B,random
6.642598474708356,2.0773713351398806,3_542,2A_6B,block
6.626337745347408,2.085888359995368,3_542,2A_6B,random
6.548905446194633,1.7435780575437834,3_543,2A_6B,block
6.554013370913852,1.6744037519492623,3_543,2A_6B,random
6.006697510466541,1.7405561446436228,3_544,2A_6B,block
5.977088985076632,1.7151871675290415,3_544,2A_6B,random
6.545000365826865,3.9617773262934772,3_545,2A_6B,block
6.536156404128988,3.9216278105455817,3_545,2A_6B,random
5.563124185305255,1.7510674101606707,3_546,2A_6B,block
5.49471967460789,1.660030503478827,3_546,2A_6B,random
5.526250061541267,1.8161372287642394,3_547,2A_6B,block
5.498127478669174,1.8256789772106516,3_547,2A_6B,random
5.130860881384862,2.699674793555987,3_548,2A_6B,block
5.238507919875533,2.6312735728147287,3_548,2A_6B,random
6.535629524130281,2.0594366457613624,3_549,2A_6B,block
6.557249758631679,1.849132473182546,3_549,2A_6B,random
5.792178859517644,2.5353016484504565,3_550,2A_6B,block
5.733512027899387,2.4088927409068854,3_550,2A_6B,random
6.110626241622306,1.9118520661684213,3_551,2A_6B,block
6.109598530106018,1.9112375911004829,3_551,2A_6B,random
6.999420201175408,3.655812983961954,3_552,2A_6B,block
7.082641973451194,3.612398468054232,3_552,2A_6B,random
6.38742980123444,1.6065627582065707,3_553,2A_6B,block
6.38915001670323,1.4974810347844283,3_553,2A_6B,random
7.280447411819992,4.347392773079263,3_554,2A_6B,block
7.493167534189414,4.141488438486903,3_554,2A_6B,random
5.962359276973712,2.40773709111654,3_555,2A_6B,block
5.916240787132995,2.364409866196162,3_555,2A_6B,random
5.709249093539507,1.4625339633628176,3_556,2A_6B,block
5.677410656066154,1.3587401250281546,3_556,2A_6B,random
5.83871748097665,1.642787746302313,3_557,2A_6B,block
5.780626690762018,1.6849143643138795,3_557,2A_6B,random
7.008291780548136,2.2842598631343156,3_558,2A_6B,block
7.03032212780184,2.2649991461652723,3_558,2A_6B,random
5.6138788268556565,2.675089592651142,3_559,2A_6B,block
5.582423031869221,2.672245897433343,3_559,2A_6B,random
4.989373217780777,3.107076362531979,3_560,2A_6B,block
5.019188512673144,3.0571663861619864,3_560,2A_6B,random
6.8551012232247395,3.7623471221617955,3_561,2A_6B,block
6.9082582792011475,3.6908849160607797,3_561,2A_6B,random
5.493774271554434,1.7021478147890097,3_562,2A_6B,block
5.535149359946411,1.718006287478412,3_562,2A_6B,random
6.636125329870735,3.243868811577657,3_563,2A_6B,block
6.672338850752268,3.198066947907816,3_563,2A_6B,random
7.310539594808366,4.34709086821427,3_564,2A_6B,block
7.573014818882221,4.199990936711411,3_564,2A_6B,random
5.692341323775368,2.0308662644857938,3_565,2A_6B,block
5.699665859295266,2.0462294053589694,3_565,2A_6B,random
5.2443380579701895,2.12535673542857,3_566,2A_6B,block
5.313003823708105,1.9913326553043298,3_566,2A_6B,random
6.115340138725172,2.40691922210729,3_567,2A_6B,block
6.052589922545911,2.3426377566358054,3_567,2A_6B,random
6.623791856707162,2.5177293729878434,3_568,2A_6B,block
6.6484901680415325,2.497695073966849,3_568,2A_6B,random
5.149052787872485,1.5985279276845752,3_569,2A_6B,block
5.143685909397655,1.469531521044246,3_569,2A_6B,random
6.826659412988366,2.3363888327057714,3_570,2A_6B,block
6.84687244780692,2.3089841434865384,3_570,2A_6B,random
5.288414997804734,1.679087617424397,3_571,2A_6B,block
5.304098502803463,1.5621029043544685,3_571,2A_6B,random
6.304399974757423,4.164500003977124,3_572,2A_6B,block
6.244354080284989,4.145496961792983,3_572,2A_6B,random
7.104648253375196,2.9856604264634776,3_573,2A_6B,block
7.260106488026963,2.945156623060204,3_573,2A_6B,random
6.223804468906563,1.9011012026699161,3_574,2A_6B,block
6.14244484000621,1.8532681487985014,3_574,2A_6B,random
6.64280451920197,3.1071295564236183,3_575,2A_6B,block
6.6567686765541065,3.057548220035981,3_575,2A_6B,random
6.951278950814699,2.3148258125340644,3_576,2A_6B,block
6.970733485566052,2.3196519536551823,3_576,2A_6B,random
7.246864109987311,4.964810653514409,3_577,2A_6B,block
7.427142916811189,4.825773914819209,3_577,2A_6B,random
5.380272058146372,1.3189398540259085,3_578,2A_6B,block
5.430892831134406,1.3537373294457806,3_578,2A_6B,random
6.457246400715606,2.0434591601710244,3_579,2A_6B,block
6.502699677049984,2.1368383932069497,3_579,2A_6B,random
6.712031060249647,3.235930028948686,3_580,2A_6B,block
6.7262183827483835,3.1480377028113655,3_580,2A_6B,random
7.114128324006719,3.3154159839477995,3_581,2A_6B,block
7.283316180844542,3.274237076806462,3_581,2A_6B,random
6.391535841030672,2.169155788926349,3_582,2A_6B,block
6.3539265594849565,2.114741276279659,3_582,2A_6B,random
6.65341889351876,4.300593868565512,3_583,2A_6B,block
6.644453469815793,4.2423073757046,3_583,2A_6B,random
6.595308047121744,2.7587555338915966,3_584,2A_6B,block
6.588393980834579,2.7407271312931965,3_584,2A_6B,random
6.9913588586275095,3.1290854968253585,3_585,2A_6B,block
7.150625199932386,3.079533581076592,3_585,2A_6B,random
5.825039475078824,2.11888764596212,3_586,2A_6B,block
5.820919952919387,2.1393785146101965,3_586,2A_6B,random
6.836504751003076,2.5740506008275474,3_587,2A_6B,block
6.842949486630639,2.546252966300032,3_587,2A_6B,random
6.036477843091818,1.8365547962946693,3_588,2A_6B,block
6.029885523643854,1.8394898831634556,3_588,2A_6B,random
5.402243458238724,1.8437446384866452,3_589,2A_6B,block
5.424256538375214,1.7502899749180498,3_589,2A_6B,random
5.671442399961162,2.711603952674338,3_590,2A_6B,block
5.622568863774017,2.704840734965236,3_590,2A_6B,random
6.250007133239169,2.6276138243383986,3_591,2A_6B,block
6.206195692855918,2.6002060969796097,3_591,2A_6B,random
6.961044464952013,3.1820455435063906,3_592,2A_6B,block
6.968059754942988,3.087127056026863,3_592,2A_6B,random
6.585828879387291,1.8784391515101169,3_593,2A_6B,block
6.5739347432658,1.8994267017618984,3_593,2A_6B,random
5.912109003597396,1.793892871986678,3_594,2A_6B,block
5.921998767710059,1.7692952937019153,3_594,2A_6B,random
5.555382855434718,2.8187998912985863,3_595,2A_6B,block
5.546115259275688,2.7542437527987413,3_595,2A_6B,random
5.00766639432954,1.8502890239168164,3_596,2A_6B,block
5.03834745521151,1.7777929803918342,3_596,2A_6B,random
6.677528151543861,4.013802288111883,3_597,2A_6B,block
6.685444119850834,3.8303874959049775,3_597,2A_6B,random
6.3105843485055075,2.576850433428167,3_598,2A_6B,block
6.30593753772372,2.5444219543150046,3_598,2A_6B,random
6.966710663980609,3.1158801033812247,3_599,2A_6B,block
7.027604307689302,3.0458828608819655,3_599,2A_6B,random
7.741970448499025,6.256097377130569,3_600,2A_6B,block
8.398561029647059,5.9622806813748,3_600,2A_6B,random
6.833647156691201,2.266349888547213,3_601,2A_6B,block
6.877294672780076,2.251921256840985,3_601,2A_6B,random
6.535350626067357,3.335434218470791,3_602,2A_6B,block
6.568650697853884,3.2478211699195625,3_602,2A_6B,random
6.2739158164014555,2.0132336933786212,3_603,2A_6B,block
6.255270546256533,2.072041355668095,3_603,2A_6B,random
6.615286519863021,2.015082162504319,3_604,2A_6B,block
6.617978075321317,2.000108313900812,3_604,2A_6B,random
5.121431997335707,2.802914439573851,3_605,2A_6B,block
5.180895028105422,2.761621366489108,3_605,2A_6B,random
6.126542900902645,2.970888289610297,3_606,2A_6B,block
6.180636653229971,2.885967056164014,3_606,2A_6B,random
6.484145441283353,2.997978014486582,3_607,2A_6B,block
6.472695141808405,2.952799318120463,3_607,2A_6B,random
5.6115317542694685,2.6660831569885866,3_608,2A_6B,block
5.5928389573331945,2.660260387429799,3_608,2A_6B,random
4.88237626400703,3.0527753861262483,3_609,2A_6B,block
4.916438270493716,3.046066645186143,3_609,2A_6B,random
6.254290753571601,1.8931201132459967,3_610,2A_6B,block
6.175172409784141,1.8544258540449483,3_610,2A_6B,random
7.003161905005081,4.193857376919473,3_611,2A_6B,block
7.093737317019326,4.100857436785867,3_611,2A_6B,random
5.707986640698692,2.1272764570924627,3_612,2A_6B,block
5.700386064305228,2.1521668005731946,3_612,2A_6B,random
6.289318256132536,3.2418900693521726,3_613,2A_6B,block
6.262871636413866,3.148439325291705,3_613,2A_6B,random
6.14809540214317,1.8921352400492983,3_614,2A_6B,block
6.134450473214867,1.8928149810023567,3_614,2A_6B,random
6.769199016489734,3.6208565822321086,3_615,2A_6B,block
6.768584912465119,3.543774936476332,3_615,2A_6B,random
6.687147992472763,3.0139805182607686,3_616,2A_6B,block
6.689652831229757,2.9730887989684986,3_616,2A_6B,random
6.369407887285949,2.7480027745315905,3_617,2A_6B,block
6.367543897804849,2.699042157303046,3_617,2A_6B,random
6.011945303582299,1.7915580432185076,3_618,2A_6B,block
6.008345073413738,1.7924209271166094,3_618,2A_6B,random
6.068533313961797,2.032230405934693,3_619,2A_6B,block
6.025396391473365,2.0545097710048568,3_619,2A_6B,random
6.189375917253384,1.8814444261690224,3_620,2A_6B,block
6.147555749502171,1.892739352251899,3_620,2A_6B,random
5.30524332233925,1.335146152671196,3_621,2A_6B,block
5.335639769581782,1.3532906655267785,3_621,2A_6B,random
5.61342465471449,1.858490827499892,3_622,2A_6B,block
5.610396971864318,1.7633422695463508,3_622,2A_6B,random
7.04378575504374,3.7451667913860107,3_623,2A_6B,block
7.124705686150538,3.703230606886092,3_623,2A_6B,random
6.712674173340597,1.6780962145286016,3_624,2A_6B,block
6.725166586829799,1.6188341764750769,3_624,2A_6B,random
6.134423022151088,3.292994737745614,3_625,2A_6B,block
6.115925705269305,3.165954804871505,3_625,2A_6B,random
5.6322525508336865,2.532998571114226,3_626,2A_6B,block
5.692912351305303,2.3813487322143967,3_626,2A_6B,random
7.066824400986077,3.710128659150934,3_627,2A_6B,block
7.17660012474647,3.6377195018591815,3_627,2A_6B,random
6.248649390431044,3.162698464703718,3_628,2A_6B,block
6.219205754843371,3.1409791610157214,3_628,2A_6B,random
6.599513757793737,3.22901637416577,3_629,2A_6B,block
6.596165938266576,3.14160620534902,3_629,2A_6B,random
6.034046823841647,2.311589549327108,3_630,2A_6B,block
6.030650034064005,2.2829543797092873,3_630,2A_6B,random
5.450827242856938,2.337958430757817,3_631,2A_6B,block
5.425431824962133,2.3383793915686804,3_631,2A_6B,random
6.162909869403686,2.613192648838923,3_632,2A_6B,block
6.10968262610685,2.6290323485668816,3_632,2A_6B,random
5.3686227839946286,1.374520701397401,3_633,2A_6B,block
5.345448937225529,1.390672200326619,3_633,2A_6B,random
7.05288391984062,3.9138170599999147,3_634,2A_6B,block
7.216470871058393,3.7927446427047724,3_634,2A_6B,random
6.40721430545182,2.343554427226089,3_635,2A_6B,block
6.386904040444882,2.321079897378281,3_635,2A_6B,random
6.858868721752389,2.619957949348856,3_636,2A_6B,block
6.886030774903073,2.5897658417313454,3_636,2A_6B,random
5.727903021835893,2.2757850260333754,3_637,2A_6B,block
5.696036885424346,2.1623584374088853,3_637,2A_6B,random
6.268626671586599,2.700299824175163,3_638,2A_6B,block
6.255635488560586,2.6912755982271173,3_638,2A_6B,random
6.392369404865716,3.396228938340572,3_639,2A_6B,block
6.376231325148818,3.3354281676562794,3_639,2A_6B,random
6.712565748530765,2.2330044680393994,3_640,2A_6B,block
6.668539893994169,2.2225137447596426,3_640,2A_6B,random
6.760657962546623,2.779782305995492,3_641,2A_6B,block
6.718199315436895,2.733385389883387,3_641,2A_6B,random
6.825915973683377,3.2328091307288926,3_642,2A_6B,block
6.880516480245856,3.181815008384534,3_642,2A_6B,random
6.7686767015970455,2.956101903130274,3_643,2A_6B,block
6.794805423675597,2.912690105440575,3_643,2A_6B,random
5.646976496872892,1.9693196886984807,3_644,2A_6B,block
5.656076963875835,2.007434358275146,3_644,2A_6B,random
5.626205914277731,2.1406619002491185,3_645,2A_6B,block
5.609749636093806,2.1360854317088678,3_645,2A_6B,random
5.116316008019576,1.6335663387329258,3_646,2A_6B,block
5.100783728808974,1.5119397040591993,3_646,2A_6B,random
6.064457655889775,3.7468765315898493,3_647,2A_6B,block
6.049965235354042,3.6036727479840254,3_647,2A_6B,random
6.69537624966811,2.5246951917074294,3_648,2A_6B,block
6.722060287060706,2.533098822961813,3_648,2A_6B,random
5.1500884802528235,2.1687846634144394,3_649,2A_6B,block
5.223642902198458,2.2087532923424154,3_649,2A_6B,random
6.9296363898194215,2.4203091824174034,3_650,2A_6B,block
6.977313297911664,2.3946688178856617,3_650,2A_6B,random
5.168831887215466,1.4085081726563344,3_651,2A_6B,block
5.1971508825320605,1.4214440581721846,3_651,2A_6B,random
6.4033027567816365,2.5788440553865444,3_652,2A_6B,block
6.528762467134753,2.4183483054015786,3_652,2A_6B,random
6.530308211945369,1.8522601514554258,3_653,2A_6B,block
6.481122557050013,1.8441260448600358,3_653,2A_6B,random
5.32094399168402,2.194601520311532,3_654,2A_6B,block
5.343940404878549,2.2424045657372815,3_654,2A_6B,random
6.969857962247502,3.3816399264454904,3_655,2A_6B,block
7.023616258151323,3.252163357084176,3_655,2A_6B,random
6.072722138421797,2.5554033902787134,3_656,2A_6B,block
6.048530402335194,2.587979618649626,3_656,2A_6B,random
5.969469253393566,3.151969549985922,3_657,2A_6B,block
5.931054803047399,3.127715675127899,3_657,2A_6B,random
5.231108103384128,2.564437161850926,3_658,2A_6B,block
5.294133708170742,2.5206635222299383,3_658,2A_6B,random
6.134454548245348,3.4811990709673024,3_659,2A_6B,block
6.056106798013582,3.426298881451876,3_659,2A_6B,random
6.391510262123562,1.5321518383919681,3_660,2A_6B,block
6.424117100960347,1.4749942455814582,3_660,2A_6B,random
6.787541084543191,2.182574578025445,3_661,2A_6B,block
6.79939859723401,2.1681187486099076,3_661,2A_6B,random
6.37275633251444,2.8663971463084934,3_662,2A_6B,block
6.35658546548426,2.829610765818641,3_662,2A_6B,random
5.186610248511148,2.6434480788744654,3_663,2A_6B,block
5.26333665666945,2.5820527553228003,3_663,2A_6B,random
7.221497602430702,4.065746012608937,3_664,2A_6B,block
7.445905154917056,3.964736592943285,3_664,2A_6B,random
5.313772366435377,1.3857205784236148,3_665,2A_6B,block
5.31895319277084,1.3850805704451594,3_665,2A_6B,random
5.950940050570237,3.329277788587529,3_666,2A_6B,block
5.948475461961943,3.239655575400367,3_666,2A_6B,random
5.94027117742574,3.2808144428602413,3_667,2A_6B,block
5.902159860751574,3.230285914599586,3_667,2A_6B,random
7.012644521755444,4.126825517016847,3_668,2A_6B,block
7.038927260123812,3.8979199819246357,3_668,2A_6B,random
6.900290429817147,2.919845826502641,3_669,2A_6B,block
6.96650856924556,2.864733161943428,3_669,2A_6B,random
5.973421850198126,2.5206181814356925,3_670,2A_6B,block
5.924591639840257,2.4813619185387608,3_670,2A_6B,random
6.739750163791145,2.5307686359160027,3_671,2A_6B,block
6.750029196921705,2.48473152948663,3_671,2A_6B,random
6.866066363434843,2.3406856891246353,3_672,2A_6B,block
6.908284374995169,2.319614825332174,3_672,2A_6B,random
6.275064323154542,4.376960025408385,3_673,2A_6B,block
6.267590553559319,4.327086418300508,3_673,2A_6B,random
6.841195463812393,3.260217092809805,3_674,2A_6B,block
6.875779609953083,3.227852291515603,3_674,2A_6B,random
6.833195648889378,2.536751411479849,3_675,2A_6B,block
6.781567320601195,2.4703720874809316,3_675,2A_6B,random
5.581663169182538,1.55536067852962,3_676,2A_6B,block
5.592806653121546,1.5379320921127162,3_676,2A_6B,random
6.996655909632512,3.9842816259533667,3_677,2A_6B,block
7.022817801987943,3.9373023977250354,3_677,2A_6B,random
6.581383546837262,3.6586443755166096,3_678,2A_6B,block
6.55368163863618,3.5364930845374642,3_678,2A_6B,random
7.1574253210362055,4.160301271609914,3_679,2A_6B,block
7.327039699348163,4.081272863609072,3_679,2A_6B,random
5.878683003663733,1.8786244876576328,3_680,2A_6B,block
5.855126818511691,1.7712069839799305,3_680,2A_6B,random
5.29459455808194,1.3492466321443701,3_681,2A_6B,block
5.320835037931712,1.357809225828663,3_681,2A_6B,random
