EA vs SHE (eV),IP vs SHE (eV)
-2.8742595,1.512785
-2.8480287,1.4698294
-2.8606782,1.4882104
-2.6807902,1.8285943
-2.5325484,1.745526
-2.607636,1.786318
-3.0917265,1.2910599
-2.9950256,1.2864914
-3.039296,1.2960082
-2.5865016,1.5111953
-2.5491557,1.4942613
-2.5787592,1.5046587
-2.8004305,1.4650352
-2.689514,1.4315978
-2.737467,1.4461328
-2.1527007,1.6041553
-2.1088178,1.5780137
-2.1232412,1.5930729
-2.2130244,1.6332203
-2.143928,1.6140288
-2.1871226,1.6197966
-2.9111109,1.5695634
-2.7944324,1.5154152
-2.8395336,1.5365279
-2.5816464,1.666897
-2.4572833,1.6493284
-2.5345984,1.6549284
-2.8519876,1.2238966
-2.8519876,1.2238966
-2.852854,1.2247223
-2.0215952,1.6404868
-1.9974654,1.6254493
-2.0175002,1.6357421
-2.8377242,1.378451
-2.814897,1.332646
-2.822916,1.3485227
-2.7145696,1.4322712
-2.6591947,1.4084513
-2.7065222,1.4240243
-2.722478,1.4510094
-2.722478,1.4510094
-2.722309,1.4517637
-2.677523,1.495042
-2.6731298,1.4833664
-2.6807234,1.4922712
-2.5328503,1.4964132
-2.4361517,1.4237883
-2.4805706,1.4571816
-2.8668926,1.3906891
-2.8668926,1.3906891
-2.8668926,1.3906891
-2.7955232,1.6088376
-2.7644672,1.561314
-2.76316,1.5728914
-2.0983942,1.5878614
-2.0983942,1.5878614
-2.0964818,1.5876513
-2.4830267,1.3818947
-2.375123,1.3699118
-2.439296,1.3752209
-2.6558244,1.3400143
-2.5042973,1.291641
-2.5867956,1.3153929
-2.6834297,1.3894652
-2.6245134,1.3636727
-2.6487105,1.3821608
-2.2813973,1.5652864
-2.2813973,1.5652864
-2.2820272,1.5651088
-1.55448,1.8739417
-1.5185663,1.8409182
-1.5327685,1.8447329
-2.5259242,1.455368
-2.5606384,1.3870281
-2.539888,1.4192522
-1.9154589,1.8300579
-1.7205298,1.852485
-1.8157752,1.8427553
-2.7070858,1.5156026
-2.6575315,1.4915075
-2.6890268,1.5047035
-2.6208565,1.489524
-2.5834439,1.4795094
-2.6075087,1.4843818
-2.4365823,1.4418504
-2.38751,1.4016352
-2.4185648,1.4184557
-1.6354616,1.9412969
-1.6023008,1.9162159
-1.6283814,1.9322201
-2.9787211,0.9961979
-2.9104545,0.98075414
-2.950113,0.99322647
-1.7422662,1.7807157
-1.6961888,1.7539033
-1.7302438,1.7574267
-2.8117845,1.3341645
-2.7886407,1.312109
-2.800517,1.3228393
-2.4142373,1.5842565
-2.3863995,1.5742561
-2.402835,1.5777841
-1.9167844,1.6911811
-1.8656913,1.6752043
-1.873648,1.6908615
-2.7412202,1.4765451
-2.676725,1.4036516
-2.7083108,1.4392747
-2.6443703,1.6061945
-2.539256,1.5779676
-2.5957446,1.5943576
-3.0689206,1.2943327
-2.9862745,1.2473819
-3.0243733,1.2632703
-2.9067585,1.1898423
-2.803112,1.1670372
-2.8571944,1.1678257
-2.7396493,1.6678116
-2.661339,1.5792478
-2.7042553,1.6251832
-2.6727524,1.4091325
-2.6642885,1.3480271
-2.66637,1.3775129
-2.2723043,1.6271933
-2.1987302,1.5832263
-2.2362695,1.6094131
-2.8535705,1.5757918
-2.7654426,1.4632041
-2.811433,1.5160145
-2.8530855,1.4033681
-2.7942472,1.3501366
-2.822672,1.3747206
-3.167795,1.0952561
-3.0707603,1.0172801
-3.1163452,1.0488802
-2.9653502,1.1728691
-2.9397392,1.1536295
-2.9443545,1.1718445
-2.1830962,1.6774474
-2.081761,1.6569997
-2.118736,1.6689271
-2.6530576,1.5486919
-2.5528145,1.4939865
-2.6095726,1.5230707
-2.622582,1.6498497
-2.5302744,1.5891397
-2.5795982,1.615958
-2.9275718,1.7678548
-2.9106402,1.6842039
-2.9196746,1.7290778
-2.825961,1.5106791
-2.7256248,1.4801955
-2.7762392,1.4954306
-2.942344,1.5616652
-2.90699,1.5234824
-2.9280071,1.5455531
-2.9384086,1.594548
-2.879406,1.5114665
-2.909509,1.5527904
-2.3657084,1.551451
-2.193555,1.4596874
-2.284567,1.5067135
-2.973198,0.9566313
-2.9385061,0.9543442
-2.9678044,0.95526046
-2.8926291,1.4339856
-2.8926291,1.4339856
-2.8920727,1.4327456
-2.5387108,1.483616
-2.483993,1.4585295
-2.5082664,1.4651387
-2.8752267,1.3280033
-2.8752267,1.3280033
-2.8768468,1.3272028
-2.7783422,1.5345892
-2.757705,1.4982052
-2.772272,1.5175284
-2.7953172,1.6983913
-2.7447734,1.630911
-2.7585356,1.665848
-3.097357,0.9626214
-3.097357,0.9626214
-3.0967207,0.9629127
-2.664122,1.3019985
-2.664122,1.3019985
-2.6643722,1.301735
-2.8835723,1.5611193
-2.8614435,1.472986
-2.8740811,1.5195047
-2.9429116,1.5299519
-2.799072,1.4680216
-2.8639686,1.4963155
-2.810384,1.410794
-2.7600324,1.3616682
-2.7864838,1.3817277
-2.9124448,1.655851
-2.8482592,1.5313929
-2.8857694,1.5924385
-1.954784,1.7379802
-1.8375844,1.7105961
-1.9155643,1.7259017
-2.032095,1.6594661
-2.0077999,1.6347085
-2.0178962,1.6561065
-2.7161875,1.422598
-2.6921375,1.4041251
-2.7048764,1.4161596
-3.0247574,1.460506
-2.9315166,1.3808367
-2.9802465,1.4168135
-3.0268147,1.3039359
-2.9183455,1.2728368
-2.9712574,1.294756
-2.9648461,1.1302335
-2.9305732,1.1130303
-2.9515417,1.1255695
-2.7983441,1.4449925
-2.7983441,1.4449925
-2.7941852,1.4434112
-2.7113624,1.4926348
-2.6706772,1.4713355
-2.7115612,1.4901587
-2.3924277,1.164804
-2.3877926,1.1233462
-2.3889499,1.1435429
-1.7935605,1.6824796
-1.7722735,1.6526088
-1.7915401,1.6679684
-2.4284291,1.7548813
-2.224551,1.6833776
-2.3273473,1.7233229
-2.8772137,1.1572821
-2.8025148,1.11456
-2.8441877,1.1302806
-2.3920908,1.6156025
-2.3513424,1.5800002
-2.36871,1.5965718
-2.7899096,1.5691969
-2.7496293,1.5807494
-2.7733598,1.5689919
-2.646173,1.5880744
-2.5927339,1.5523555
-2.6221716,1.5660836
-2.8911645,1.4338405
-2.8911645,1.4338405
-2.89213,1.4347686
-2.7022026,1.3969413
-2.6747797,1.3848625
-2.6861465,1.3877574
-2.9811895,1.2730244
-2.902286,1.2685885
-2.9413214,1.2792851
-2.0878296,1.6148677
-2.0390947,1.5921758
-2.0764256,1.6077739
-1.7781746,1.5099007
-1.7781746,1.5099007
-1.7781746,1.5099007
-2.8029,1.5572091
-2.7577074,1.5099279
-2.7761164,1.5316973
-3.1385314,1.1422272
-3.0489337,1.1207798
-3.093017,1.1297722
-2.72669,1.6332064
-2.72669,1.6332064
-2.7270203,1.6346354
-2.2852817,1.6792475
-2.219318,1.6477724
-2.2528284,1.6655507
-2.631498,1.62308
-2.4532838,1.565472
-2.5502763,1.5968472
-2.619055,1.551097
-2.5177243,1.505219
-2.574442,1.5234771
-2.920902,1.4975864
-2.9071748,1.4171637
-2.9140205,1.4553913
-1.8814399,1.7305224
-1.8826708,1.7063113
-1.8820403,1.7190896
-3.0933836,1.2402632
-3.0739903,1.1550788
-3.0876477,1.1999584
-2.2228363,1.6850867
-2.0317576,1.6736051
-2.1236336,1.6774211
-2.6789172,1.4829291
-2.6286118,1.5017308
-2.6675725,1.4887239
-2.8648574,1.4832021
-2.8648574,1.4832021
-2.8641558,1.4828414
-3.013694,1.3341626
-2.944597,1.274054
-2.985945,1.2981938
-2.9190247,1.1693902
-2.895019,1.1204425
-2.9103174,1.150977
-2.6995075,1.3619379
-2.6995075,1.3619379
-2.6989155,1.3617077
-1.6004089,1.7778972
-1.5764469,1.7131286
-1.5804763,1.7564949
-2.1688635,1.418865
-2.1316493,1.400742
-2.1437018,1.4081457
-2.8257525,0.97006416
-2.7651105,1.0028335
-2.792601,0.98732054
-2.8595107,1.8630925
-2.8052645,1.7013918
-2.8388278,1.7823755
-2.3062227,1.602207
-2.2681615,1.602776
-2.2976112,1.607883
-2.5666244,1.5543067
-2.5666244,1.5543067
-2.5668333,1.555265
-2.7968445,1.206866
-2.8082895,1.1456343
-2.8160458,1.1548352
-3.0178113,1.3213408
-2.9471822,1.2773141
-2.9739263,1.2974982
-2.313777,1.264802
-2.2481558,1.2625669
-2.2627118,1.2595859
-2.980784,1.2010307
-2.939742,1.0904093
-2.958548,1.1552995
-1.8499087,1.6541295
-1.6938474,1.6665894
-1.7582815,1.6694224
-2.8604712,1.4035165
-2.8300302,1.3399665
-2.8454971,1.376678
-2.3389494,1.4680457
-2.2776957,1.4899057
-2.3088973,1.4781193
-1.249221,1.9951013
-1.1485776,1.9610837
-1.189966,1.9731876
-2.8904796,1.6799922
-2.865787,1.6399499
-2.880867,1.6642957
-2.9224017,1.3723551
-2.9316776,1.3262095
-2.913312,1.3585815
-2.250024,1.6022959
-2.2416894,1.5808649
-2.2480817,1.5918429
-2.675565,1.7052491
-2.61639,1.618239
-2.6480439,1.6623061
-2.8606148,1.3493981
-2.8606148,1.3493981
-2.8612561,1.3494844
-2.6255865,1.5302181
-2.6083078,1.5133905
-2.623474,1.5404367
-2.3876786,1.4663111
-2.3551507,1.4624778
-2.373388,1.4657456
-2.8288596,1.5889127
-2.7607296,1.5484533
-2.7983453,1.5767313
-2.8868954,1.1577917
-2.6807046,1.2433839
-2.7600179,1.2072527
-2.7464058,1.3979721
-2.599409,1.3179294
-2.6921074,1.3562531
-2.0488653,1.4612762
-2.0215154,1.4324996
-2.0356433,1.4429582
-2.6132188,1.4185711
-2.5495772,1.3769027
-2.5687828,1.3871325
-2.8695796,1.5140865
-2.819426,1.4518512
-2.846737,1.4815346
-2.5166726,1.5233588
-2.4687521,1.4982158
-2.4844635,1.5035052
-2.880992,1.2149755
-2.8515954,1.1695267
-2.866552,1.1808487
-1.8386992,1.7358608
-1.7748429,1.7178235
-1.7866725,1.723246
-2.771479,1.6295273
-2.7022035,1.5604687
-2.741519,1.5932497
-2.664005,1.4664689
-2.5777435,1.4267207
-2.623628,1.446481
-2.7377794,1.5044621
-2.7279384,1.4781917
-2.735175,1.4965037
-2.7374682,1.5327523
-2.7100847,1.5158671
-2.7298343,1.5334889
-2.7818036,1.4885052
-2.7434378,1.44075
-2.7597084,1.467227
-2.993714,1.4879605
-2.9224768,1.4275402
-2.9644923,1.4583855
-2.8534486,1.3616196
-2.8064616,1.3320067
-2.8210435,1.3501213
-2.5533755,0.896497
-2.5819056,0.85021555
-2.5663621,0.8681935
-2.7677705,1.4679706
-2.6944377,1.3955332
-2.735026,1.4277877
-2.6214824,1.5533803
-2.6015544,1.5390161
-2.608425,1.5398916
-2.8041472,1.5637062
-2.7834003,1.5372355
-2.7905786,1.5450761
-2.90612,1.4561726
-2.8878305,1.4110327
-2.8958864,1.4379184
-2.8268855,1.5988858
-2.7936866,1.5446708
-2.8009043,1.5671767
-2.8860695,1.1201714
-2.7811959,1.17613
-2.8465586,1.1468381
-2.495273,1.646004
-2.3410213,1.6231623
-2.4105318,1.643448
-3.0322413,1.0862792
-2.994866,1.0473088
-3.0168192,1.0641764
-2.6973825,1.6006011
-2.6577086,1.5721331
-2.6796012,1.580658
-3.0787234,1.2396774
-2.996065,1.2076746
-3.0369775,1.2325873
-2.4450645,1.4555019
-2.4558682,1.4523063
-2.4529264,1.4538846
-2.6131136,1.4374019
-2.5018954,1.4754543
-2.54916,1.482999
-2.8395026,1.3202933
-2.761104,1.2804654
-2.8083515,1.3047665
-2.7623894,1.7141988
-2.6910741,1.6142094
-2.718181,1.6640279
-3.1753078,0.95343745
-3.1387527,0.9227422
-3.1552482,0.9397033
-2.8734508,1.6492605
-2.8558285,1.6268356
-2.8608572,1.6292241
-2.7238483,1.4450272
-2.733068,1.4019411
-2.7317502,1.4235857
-2.8820052,1.1187006
-2.8820052,1.1187006
-2.8841982,1.1176842
-2.8071694,1.3323228
-2.725616,1.3023161
-2.7650723,1.3198379
-2.783827,1.2746085
-2.7188687,1.2513298
-2.7602756,1.2735718
-2.808095,1.5502857
-2.769323,1.520726
-2.8013046,1.5452361
-2.891171,1.219454
-2.8486304,1.2514058
-2.8756635,1.2237726
-2.5150754,1.2844282
-2.4703994,1.2618983
-2.4883447,1.2765738
-1.1256557,1.7954696
-1.0441933,1.8575048
-1.0851711,1.8252339
-2.501293,1.5553596
-2.3612785,1.4652718
-2.4344916,1.5035795
-3.069443,1.6144259
-2.9291341,1.5234216
-2.9994326,1.5673064
-2.4146285,1.5267767
-2.3695931,1.5071189
-2.3990147,1.5161362
-2.9736123,1.378938
-2.9063842,1.3358446
-2.9391336,1.3593601
-2.8934772,1.6982245
-2.831306,1.6568365
-2.8683822,1.6845231
-2.7944198,1.6794721
-2.7199836,1.6124123
-2.7594228,1.6488078
-2.0308602,1.7827893
-2.1208367,1.6630853
-2.086548,1.7265806
-2.454185,1.7734193
-2.2765074,1.7240002
-2.3734512,1.7521161
-2.5536325,1.3154436
-2.5417712,1.3116354
-2.5480986,1.3097225
-3.0446239,1.3715968
-3.010816,1.3434675
-3.0336754,1.3566772
-2.3942957,1.5213805
-2.3883693,1.522801
-2.407314,1.52131
-2.5273843,1.5737294
-2.5366578,1.5254003
-2.5257695,1.5559807
-2.7882786,1.4794966
-2.7670608,1.4593817
-2.7847743,1.4635801
-1.8799723,1.6156069
-1.8216262,1.5700213
-1.8524448,1.5988545
-1.8765996,1.8856051
-1.70191,1.7914499
-1.801325,1.832914
-2.7811203,1.3725955
-2.7654188,1.3639239
-2.7624655,1.3741852
-2.7313585,1.232187
-2.7313585,1.232187
-2.7296007,1.2324413
-2.927243,1.6040133
-2.8821223,1.5332372
-2.9027138,1.5720329
-3.0275512,1.4766926
-2.9669347,1.4102706
-3.0010154,1.4425335
-2.8351028,1.4452479
-2.8131151,1.4288838
-2.8296,1.4394342
-2.8378818,1.6373267
-2.801291,1.615594
-2.821954,1.6275896
-2.4719758,1.552624
-2.4268005,1.5246072
-2.463466,1.544323
-3.049204,1.2509453
-2.958796,1.2196153
-3.0057714,1.2353913
-1.6924635,1.5781356
-1.6717864,1.5624146
-1.6829516,1.567032
-2.6641364,1.6152081
-2.612826,1.5716112
-2.6528997,1.6024978
-2.3039124,1.672543
-2.3191683,1.6536733
-2.3121924,1.665642
-2.7343087,1.4028946
-2.6573486,1.308593
-2.7037523,1.3640568
-2.8456225,1.2223696
-2.7635186,1.1709416
-2.8012862,1.1830803
-2.8274546,1.6120111
-2.703272,1.5740598
-2.7728364,1.5970767
-2.7415998,1.488985
-2.7079906,1.3979311
-2.720947,1.4421388
-2.61575,1.5924585
-2.6043026,1.5730618
-2.6057458,1.5767887
-2.806703,1.422089
-2.806703,1.422089
-2.8065434,1.422406
-1.5426161,1.5910378
-1.5426161,1.5910378
-1.5426161,1.5910378
-1.6272544,1.3845754
-1.6209027,1.3555537
-1.6238955,1.3665403
-2.0575306,1.592557
-2.0189295,1.5792755
-2.048106,1.579957
-2.661149,1.5666082
-2.5750234,1.5215914
-2.6160643,1.544905
-2.5020041,1.4246459
-2.485378,1.3718119
-2.487158,1.3961115
-2.3855543,1.6196535
-2.2450876,1.5886248
-2.3278706,1.6038197
-2.078812,1.6458272
-2.0880737,1.5929458
-2.090669,1.6186019
-2.7452242,1.1136016
-2.7322998,1.1512843
-2.7464147,1.1390965
-2.697289,1.5207977
-2.697289,1.5207977
-2.6975138,1.5214096
-2.8756502,1.4127535
-2.8756502,1.4127535
-2.8767946,1.4139696
-2.8847532,1.3647875
-2.8792796,1.2943271
-2.8878012,1.3242667
-2.4476001,1.5610496
-2.4311457,1.5445052
-2.4364076,1.54943
-2.821112,1.3031757
-2.821112,1.3031757
-2.8208754,1.3029556
-2.6580431,1.4842513
-2.6586912,1.4550332
-2.662407,1.4703382
-1.6193076,1.5206921
-1.5612941,1.4241614
-1.5892026,1.4683244
-2.5781941,1.3875
-2.527841,1.3619852
-2.5575578,1.379512
-2.8675535,1.390103
-2.864818,1.3208982
-2.8798683,1.346458
-2.926923,1.4843358
-2.894227,1.3980652
-2.9101903,1.4358395
-2.8580534,1.6805717
-2.759457,1.5947047
-2.809978,1.6395588
-1.6015431,1.8945136
-1.5026263,1.8242968
-1.5492027,1.8648659
-2.5162625,1.4782565
-2.48183,1.4709165
-2.5066345,1.4734539
-2.117215,1.6442704
-2.0055983,1.6271611
-2.0666368,1.6341511
-2.6012654,1.5688561
-2.6240835,1.5302554
-2.620325,1.5454887
-2.3119357,1.6884867
-2.219262,1.6741393
-2.2703831,1.6971166
-2.7538216,1.5711973
-2.735757,1.5455137
-2.7445204,1.5593747
-2.302989,1.5727655
-2.2743974,1.5622237
-2.2872877,1.5688825
-2.4837508,1.4574107
-2.4764585,1.4594935
-2.5187714,1.4474632
-2.5382419,1.2968211
-2.485525,1.2766284
-2.502628,1.2826544
-2.8799043,1.3221306
-2.8564608,1.291593
-2.8770454,1.3145938
-2.7691505,1.477419
-2.7691505,1.477419
-2.7692235,1.4781865
-2.9261172,1.0545946
-2.8888888,1.0353556
-2.9007583,1.0467333
-2.7300928,1.3226296
-2.7300928,1.3226296
-2.7302294,1.3227187
-2.8630295,1.7512655
-2.7891414,1.6701837
-2.8330722,1.716308
-2.467042,1.5791528
-2.402335,1.529222
-2.4290845,1.5492414
-2.7487805,1.5159352
-2.7231605,1.4816805
-2.7363162,1.4979186
-3.0676506,1.2698035
-2.964428,1.269334
-3.012003,1.2704418
-2.6822393,1.2497597
-2.6822393,1.2497597
-2.6822393,1.2497597
-2.523784,1.6187942
-2.4565835,1.5650463
-2.4852765,1.5862927
-2.0923176,1.5953369
-2.0841448,1.5876093
-2.0942824,1.5826095
-2.9495375,1.2440276
-2.9268265,1.2158806
-2.9369564,1.2234493
-2.8007193,1.5615255
-2.786183,1.5424742
-2.7879164,1.5446131
-2.908323,1.3942561
-2.839422,1.3329226
-2.8735561,1.365047
-2.545401,1.5848677
-2.5073774,1.573218
-2.522647,1.5759096
-1.8483411,1.9130386
-1.8908131,1.7625858
-1.87299,1.8303347
-2.5844378,1.4411536
-2.5537963,1.4242052
-2.5711274,1.4335306
-2.689761,1.650301
-2.645903,1.5940359
-2.6690621,1.6149703
-2.554939,1.6538609
-2.4935913,1.6335694
-2.5302808,1.6532556
-2.8040903,1.4742
-2.7826407,1.454428
-2.8022401,1.4766719
-2.9270642,1.3644985
-2.8819394,1.3276778
-2.8941822,1.3409895
-2.8699014,1.363839
-2.8420463,1.349291
-2.8552837,1.3576692
-2.777669,1.5894449
-2.7602046,1.5731621
-2.7791934,1.5863291
-2.9229472,1.2152299
-2.9159155,1.1567134
-2.921324,1.1824245
-2.7404637,1.531429
-2.7022953,1.501714
-2.7252467,1.5173014
-3.2188754,0.8706784
-3.2188754,0.8706784
-3.2188754,0.8706784
-2.8088212,1.4725718
-2.6813505,1.4338727
-2.7423098,1.4482523
-2.9884238,1.3354713
-2.8933587,1.3095952
-2.9404757,1.3179895
-2.2956002,1.5641454
-2.2956002,1.5641454
-2.2936666,1.5667938
-2.7152534,1.6893318
-2.6465907,1.6055696
-2.6824906,1.6490633
-1.9777175,1.4597045
-1.9102098,1.4320982
-1.9493856,1.442036
-2.9104295,1.3943787
-2.8822916,1.373492
-2.8964543,1.3823307
-2.7676644,1.5440283
-2.7326493,1.5141964
-2.7510912,1.53037
-3.0929973,0.9470791
-3.0144987,0.90159315
-3.06922,0.92246926
-2.89569,1.3401589
-2.8681214,1.3166097
-2.883559,1.3278613
-2.7373466,1.3727814
-2.7373466,1.3727814
-2.7373466,1.3727814
-2.829199,1.4781497
-2.780345,1.4404213
-2.8061292,1.4599627
-2.8232768,1.4991686
-2.7342622,1.4263555
-2.787612,1.4654067
-2.7801223,1.4096507
-2.6939168,1.3606267
-2.7449636,1.3855144
-2.8899603,1.3160326
-2.9276657,1.2734106
-2.9120884,1.2789487
-2.9391203,1.4910407
-2.8560853,1.4228839
-2.895673,1.4575828
-2.6994355,1.3134226
-2.6843596,1.299934
-2.7005758,1.2979167
-2.5009415,1.69395
-2.437088,1.6566782
-2.4781985,1.68277
-2.8785586,1.2512535
-2.7632973,1.2705827
-2.82848,1.2591795
-2.964672,1.4392041
-2.8797197,1.4228492
-2.9508018,1.4264722
-1.5330533,1.5576117
-1.5293663,1.4969064
-1.5310589,1.5208837
-2.6607368,1.608545
-2.630859,1.603609
-2.6527083,1.6030761
-1.6954033,1.6424378
-1.6542158,1.6176987
-1.669557,1.6348331
-2.5732636,1.561241
-2.5732636,1.561241
-2.5732636,1.561241
-2.7456632,1.4908583
-2.6802251,1.4318892
-2.7168941,1.4613125
-2.9550266,1.6210911
-2.8436966,1.5530182
-2.9007912,1.5838147
-2.4894505,1.386758
-2.5650487,1.292601
-2.5016975,1.339922
-2.6931496,1.3736058
-2.7054756,1.3528044
-2.6812344,1.3606117
-2.8050096,1.5385274
-2.7691824,1.4982822
-2.7952619,1.5238678
-2.9111211,1.4365053
-2.8932116,1.4135206
-2.903987,1.4261881
-1.4279226,1.8468803
-1.3081031,1.8246005
-1.3602748,1.8377883
-2.46278,1.4220337
-2.3611853,1.411388
-2.4156303,1.4164124
-2.9454877,1.3052163
-2.88146,1.2745122
-2.9149666,1.2889904
-2.1735034,1.5723197
-2.1257317,1.5533701
-2.1416922,1.563549
-2.566142,1.1773524
-2.5840678,1.1550548
-2.580301,1.1654283
-1.9723554,1.6731665
-1.9390593,1.6600848
-1.9660362,1.6715595
-2.7143404,1.6442809
-2.6370516,1.5880115
-2.690325,1.6121072
-1.8267581,1.9659549
-1.6582186,1.9032124
-1.7417324,1.9410481
-2.9727187,1.4731026
-2.9165263,1.422344
-2.947269,1.4485714
-2.646234,1.6029042
-2.646234,1.6029042
-2.6479156,1.6028073
-2.7792933,1.4565147
-2.7476149,1.4348285
-2.7656877,1.4463409
-2.7315793,1.5241266
-2.7597754,1.5078402
-2.747465,1.5179914
-2.6300957,1.3252058
-2.6300957,1.3252058
-2.6300492,1.3252976
-2.718787,1.6358459
-2.6817498,1.579995
-2.6921701,1.5954766
-2.8585432,1.5597117
-2.8585432,1.5597117
-2.857591,1.5580524
-2.704089,1.433488
-2.6284566,1.3558722
-2.6855981,1.3969083
-1.4576172,1.5075527
-1.4960319,1.4545133
-1.5310762,1.4669665
-2.8582292,1.787504
-2.7640896,1.6716677
-2.819361,1.7317424
-2.6869037,1.1811457
-2.6341138,1.1582196
-2.6640973,1.1672522
-2.7010274,1.5737271
-2.7132518,1.5220428
-2.7079632,1.543355
-2.8937986,1.5888448
-2.8068419,1.5081404
-2.8535237,1.5543343
-2.9869437,1.059739
-2.9434152,1.0497558
-2.960526,1.0583171
-3.1118407,1.2554078
-3.0611913,1.212818
-3.0886145,1.2384449
-1.7036772,1.8380114
-1.5988297,1.8190683
-1.640493,1.8317139
-1.820129,1.5762621
-1.7828046,1.5519254
-1.8104706,1.5671107
-2.9410174,1.5615121
-2.9410174,1.5615121
-2.9410174,1.5615121
-2.1726408,1.4794462
-2.1328125,1.4663057
-2.1562955,1.4709816
-2.5860856,1.6343689
-2.5439901,1.6158373
-2.565657,1.6219556
-2.872805,1.5844682
-2.7881758,1.5519553
-2.8314507,1.5697023
-2.566112,1.5553005
-2.532831,1.5397137
-2.5413098,1.5475166
-2.7111747,1.4785874
-2.6860645,1.4610797
-2.7072973,1.4731246
-2.9274418,1.4781759
-2.9274418,1.4781759
-2.9264307,1.4778166
-2.9007897,1.6980213
-2.8059487,1.6011343
-2.8506224,1.6438855
-2.774857,1.8097559
-2.739163,1.723496
-2.7605178,1.7679915
-2.9301157,1.6044636
-2.8200598,1.5626998
-2.8712173,1.5793695
-2.913848,1.5239766
-2.834603,1.4890858
-2.8758917,1.5049423
-1.588811,1.2203625
-1.6278797,1.1605679
-1.6098338,1.1894927
-2.692093,1.5599934
-2.692093,1.5599934
-2.6926043,1.560621
-2.5391657,1.8203179
-2.4871545,1.7676058
-2.5154467,1.805176
-2.4735432,1.439158
-2.441161,1.433648
-2.4644716,1.4341066
-2.4990604,1.779398
-2.2705512,1.7639335
-2.3878646,1.7758887
-2.8579562,1.5195925
-2.8418446,1.4986684
-2.851646,1.510062
-2.6936283,1.4525108
-2.7220488,1.4370487
-2.7085905,1.4458464
-2.1862562,1.6332587
-2.15053,1.600408
-2.1714835,1.6081758
-1.762848,1.5503812
-1.6802794,1.4582894
-1.7177821,1.4999405
-2.5863369,1.6058344
-2.5539083,1.5918199
-2.5687077,1.5959314
-2.890472,1.4941891
-2.8164608,1.3930334
-2.855635,1.4507642
-1.9542608,1.7962366
-1.7922851,1.7477826
-1.9100975,1.7554221
-2.0073912,1.5607795
-1.9984856,1.5769675
-2.018227,1.5632329
-1.5764517,1.904785
-1.5616132,1.8276665
-1.5710567,1.8535883
-2.96436,1.6629491
-2.884164,1.6414572
-2.9261525,1.6537025
-2.2831812,1.4498957
-2.2831812,1.4498957
-2.2821417,1.4504164
-2.7387164,1.4023277
-2.728531,1.3899072
-2.7316976,1.3953594
-2.7510233,1.5781968
-2.669099,1.5104989
-2.7099643,1.5390902
-2.7942603,1.4366908
-2.7847228,1.3989754
-2.7934554,1.4180889
-2.497805,1.3624913
-2.3709106,1.3759137
-2.4173727,1.3758783
-3.0926673,1.313313
-2.9903955,1.2183259
-3.0426717,1.2646122
-2.56671,1.5886378
-2.3896286,1.5663203
-2.4935842,1.5750163
-2.4314415,1.5806807
-2.3785403,1.5564799
-2.3989313,1.5632806
-2.7891777,1.6686207
-2.6906834,1.6097032
-2.7438288,1.6392777
-3.0986753,1.1705362
-3.0058355,1.1455622
-3.0561755,1.159061
-3.0024114,1.2482682
-2.9191978,1.1676664
-2.9509044,1.2130377
-1.9938174,1.7309284
-1.8053328,1.7578362
-1.909063,1.7447766
-2.6150107,1.3881043
-2.6100316,1.3884377
-2.6128268,1.3892964
-3.0119896,1.1784239
-3.0119896,1.1784239
-3.0120566,1.1792171
-2.597545,1.6656803
-2.4979534,1.5999093
-2.5432084,1.6269971
-2.8923767,1.0153904
-2.8923767,1.0153904
-2.8925538,1.0154226
-2.5127816,1.5941979
-2.4238973,1.5406108
-2.4732575,1.571636
-2.7872252,1.4772956
-2.6913946,1.4313424
-2.7224822,1.4578347
-2.9373317,1.2732348
-2.9032266,1.2469944
-2.9148026,1.2734911
-1.7695768,1.7691448
-1.7300535,1.7525675
-1.7521172,1.761211
-2.9203272,1.5921595
-2.8273664,1.5053754
-2.8769748,1.5473181
-2.7672591,1.4311955
-2.6943033,1.3783333
-2.7342374,1.4015563
-3.1523082,0.9316634
-3.1523082,0.9316634
-3.1518395,0.9312238
-2.855617,1.4035021
-2.8271132,1.3857738
-2.85023,1.4058484
-2.9222004,1.5267831
-2.8690364,1.5249798
-2.9015834,1.5277213
-2.6432607,1.497328
-2.6238108,1.4718571
-2.6435065,1.4810097
-2.7925968,1.4311105
-2.732481,1.4088994
-2.790239,1.4307036
-2.5222745,1.6914977
-2.4131896,1.6411469
-2.458023,1.6679738
-3.022662,1.4338236
-2.903272,1.3556206
-2.9574823,1.3900843
-2.7070131,1.7158108
-2.5835369,1.6426088
-2.6474996,1.6768398
-2.7296293,1.5646151
-2.6586323,1.5127642
-2.6963341,1.5477151
-2.672537,1.5019447
-2.6699624,1.5019549
-2.6785312,1.4966794
-2.844042,1.4047152
-2.8285718,1.396061
-2.8362668,1.4081892
-2.520391,1.4230459
-2.5102818,1.4233853
-2.515857,1.4239205
-2.470998,1.702948
-2.4346712,1.6909827
-2.448957,1.7004511
-2.8523836,1.3881403
-2.8523836,1.3881403
-2.8541126,1.389344
-2.8329754,1.541552
-2.8076737,1.4852064
-2.8257692,1.5084888
-1.6442521,1.9200269
-1.5124148,1.8722913
-1.576469,1.8946095
-2.4312,1.5404366
-2.4312,1.5404366
-2.4313867,1.5407597
-2.72274,1.3684058
-2.6772995,1.3350986
-2.7008517,1.350425
-2.3782313,1.1547158
-2.381921,1.106649
-2.3680706,1.1317295
-2.178249,1.6190753
-2.1733444,1.5916446
-2.1854882,1.6140566
-2.6759167,1.3492917
-2.5641608,1.3159829
-2.6401496,1.3554448
-2.8576047,1.3709677
-2.7806342,1.3185005
-2.8124409,1.3437593
-2.501024,1.6311997
-2.4837868,1.6330523
-2.4878087,1.6265069
-2.8300385,1.4752389
-2.8113415,1.4373609
-2.8107235,1.4503516
-2.8940938,1.7676928
-2.7870257,1.6637517
-2.8360293,1.7149553
-1.2030264,1.4297556
-1.214522,1.4077219
-1.2081709,1.419586
-2.688108,1.6378207
-2.6649287,1.5970404
-2.6834106,1.6224339
-2.5986712,1.5959222
-2.617309,1.6137116
-2.6071348,1.6078514
-3.1949263,1.0311456
-3.1949263,1.0311456
-3.1951175,1.0318089
-1.6620638,1.7906753
-1.6022804,1.7677872
-1.6323211,1.7823474
-2.761887,1.483449
-2.7235453,1.4462599
-2.7598329,1.4703743
-2.6997404,1.5653002
-2.613386,1.489616
-2.6593032,1.5316917
-2.9991207,1.5606521
-2.9681945,1.51608
-2.9842386,1.5370216
-2.7820327,1.3632108
-2.7384732,1.3455149
-2.7540076,1.3512354
-2.9393919,1.6752869
-2.8849182,1.5423688
-2.9187064,1.606169
-2.7173498,1.7087727
-2.624403,1.650555
-2.6759448,1.6794394
-2.630489,1.6481199
-2.5299172,1.5937158
-2.5827472,1.6197526
-2.9023829,1.1938698
-2.8934717,1.185956
-2.900096,1.1901274
-2.8422906,1.6398565
-2.7362244,1.5937978
-2.7959955,1.6178879
-2.8597932,1.379741
-2.8304143,1.3586581
-2.85566,1.3680536
-0.8647655,1.9456275
-0.84585583,1.9942646
-0.89026713,1.9435238
-1.4303048,1.6430302
-1.4303048,1.6430302
-1.4309604,1.6427405
-2.9031677,1.65703
-2.8124542,1.577679
-2.8555589,1.6162812
-2.2344186,1.5961164
-2.0951307,1.5643656
-2.1437783,1.5854481
-2.613292,1.5210735
-2.5724275,1.4875623
-2.6003819,1.5128375
-2.6012897,1.5358233
-2.5430362,1.5059147
-2.5472457,1.5112252
-2.2182844,1.6924024
-2.2585201,1.647047
-2.2209847,1.6712008
-2.0755339,1.6251763
-2.0420341,1.6166799
-2.0531213,1.6250014
-2.9382656,1.2916825
-2.8851426,1.2312342
-2.915378,1.2538975
-2.8145146,1.7212976
-2.7020695,1.6096786
-2.7645109,1.6754307
-2.5757601,1.4805938
-2.4490292,1.4490623
-2.5238247,1.4616034
-2.8237298,1.635972
-2.7408843,1.5295869
-2.7831404,1.5820378
-1.5456672,1.4224083
-1.5433806,1.4039401
-1.5450028,1.4126433
-2.410222,1.3975413
-2.3730466,1.39756
-2.4227707,1.3989094
-2.3947453,1.684892
-2.3399932,1.6510572
-2.360295,1.6537708
-2.8306897,1.4565401
-2.8010118,1.4414039
-2.832815,1.4534433
-3.1159732,1.2134722
-3.000506,1.1486987
-3.079749,1.1780584
-2.3999429,1.598721
-2.350842,1.5889406
-2.3667202,1.5929224
-2.9088047,1.3861023
-2.8572464,1.3457623
-2.8738062,1.3781328
-2.7084808,1.5590804
-2.6988811,1.5581963
-2.6989098,1.5582061
-2.8043952,1.4251733
-2.7258568,1.3608415
-2.7639997,1.3873866
-3.1233675,1.1800696
-3.020691,1.1537167
-3.077459,1.1695015
-2.2393444,1.6874479
-2.1944914,1.6217498
-2.2195354,1.654592
-2.834639,1.5769004
-2.7895048,1.5977795
-2.8069785,1.5892241
-2.5288014,1.697969
-2.3385873,1.617311
-2.4369974,1.6552535
-2.8096433,1.3941153
-2.7551677,1.3499448
-2.78746,1.3743427
-3.1227963,0.9217204
-3.078277,0.85783833
-3.102436,0.89078265
-2.5962815,1.6706835
-2.5293431,1.643173
-2.5705752,1.6500356
-2.9056847,1.5289135
-2.875659,1.5182784
-2.8822052,1.5294617
-2.9671786,1.2307805
-2.9467509,1.1999923
-2.9678853,1.208279
-2.2673693,1.2233431
-2.2233205,1.1972723
-2.2455938,1.2104008
-2.3624449,1.7046345
-2.2120988,1.6394852
-2.2835898,1.6750627
-2.8253198,1.2646272
-2.7940397,1.2401459
-2.80947,1.255074
-2.689326,1.531856
-2.5651383,1.5214024
-2.6385233,1.5300002
-3.0142543,1.2165558
-2.893592,1.2084132
-2.9585984,1.2123291
-2.6582026,1.6152123
-2.5610313,1.5865072
-2.6148403,1.6020759
-2.6109078,1.5344088
-2.5787148,1.5053632
-2.5911572,1.5172468
-2.9016383,1.2583807
-2.8564374,1.2236007
-2.8873107,1.2431748
-1.7777058,1.705796
-1.7246922,1.6247897
-1.7378587,1.6749381
-3.0643463,0.9822598
-3.0200853,0.91825676
-3.0593376,0.9555855
-2.72447,1.2534132
-2.3471587,1.1715763
-2.557629,1.2218223
-2.9507916,1.4208751
-2.8912141,1.3893908
-2.9228833,1.4037668
-2.8273008,1.1941754
-2.8148851,1.1162932
-2.82944,1.166359
-2.7939198,1.3808767
-2.74205,1.3639467
-2.7874846,1.3728766
-2.2281291,1.4313406
-2.2212548,1.3895235
-2.2254322,1.4095409
-2.070122,1.6511716
-1.9806428,1.6126841
-2.0336933,1.634293
-2.8753948,1.1416659
-2.8394225,1.1497495
-2.857067,1.1509792
-1.9375669,1.8550501
-1.7718216,1.7805878
-1.854003,1.820439
-3.0398982,1.2028141
-3.0039375,1.180299
-3.0317018,1.1888707
-2.8291783,1.3601458
-2.8106189,1.3434851
-2.815684,1.3547883
-3.0946589,1.3245982
-3.0264773,1.2646685
-3.067044,1.28796
-2.9328163,1.1912682
-2.8745475,1.1629491
-2.899364,1.1810864
-2.7377307,1.4512101
-2.7326303,1.4388839
-2.735122,1.4443938
-2.818287,1.5133818
-2.818287,1.5133818
-2.818411,1.5142473
-2.3749883,1.5861858
-2.2998312,1.5460434
-2.3290434,1.5664124
-2.8811967,1.7825998
-2.7299664,1.6867458
-2.8157299,1.7417231
-2.6531286,1.5011619
-2.6531286,1.5011619
-2.652463,1.5019816
-2.9793205,1.4012285
-2.9166784,1.3318042
-2.9450784,1.3677022
-2.7289524,1.5543299
-2.697614,1.5268003
-2.712777,1.5395193
-2.0244021,1.4799911
-1.9333183,1.4593713
-1.951594,1.4754333
-2.8690808,1.3887731
-2.853149,1.3606137
-2.8670254,1.3799163
-2.5922203,1.4613962
-2.4928293,1.4880656
-2.5544777,1.4721512
-2.5300832,1.5620755
-2.5490398,1.5408808
-2.5416415,1.5531545
-2.7325406,1.5215241
-2.7014081,1.4904364
-2.723772,1.498548
-2.8784263,1.2819257
-2.828542,1.263281
-2.8602564,1.2809408
-2.652035,1.4894681
-2.6513944,1.4861708
-2.6550152,1.4894454
-2.8494513,1.1409783
-2.8132389,1.1334604
-2.8304634,1.136074
-2.8381553,1.6254507
-2.748723,1.5815398
-2.7927027,1.6090435
-1.9594271,1.8351128
-1.7882123,1.7987434
-1.8703451,1.8176063
-3.1214643,1.2176449
-2.997309,1.1487409
-3.0766964,1.1753798
-2.545888,1.5651311
-2.4184878,1.5746249
-2.4931188,1.5758915
-2.428235,1.4313163
-2.364369,1.4195331
-2.3926105,1.426178
-1.7249923,1.7840368
-1.8097934,1.7580733
-1.7611948,1.7780497
-2.7027862,1.2466532
-2.6684077,1.2444861
-2.6849017,1.2475375
-1.9833518,1.5525787
-1.8233863,1.4207917
-1.8639096,1.4778655
-2.9427066,1.3539546
-2.8906767,1.3226328
-2.911881,1.3391708
-2.9237943,1.0969558
-2.792753,1.1580911
-2.8724444,1.1238146
-2.107716,1.4257021
-2.0711117,1.3920283
-2.0749526,1.4103225
-2.7737765,1.6705267
-2.6875958,1.5942135
-2.739546,1.6329455
-2.682711,1.2274641
-2.6697586,1.218936
-2.6708963,1.2253528
-2.2341743,1.5984107
-2.244277,1.5615274
-2.2848744,1.5809424
-2.8949084,1.1995775
-2.848165,1.188235
-2.8709233,1.199104
-2.5416648,1.4547929
-2.475217,1.4369648
-2.5111942,1.4493345
-2.9488418,1.6365778
-2.9132633,1.6056709
-2.9292417,1.624884
-2.6631641,1.5242647
-2.6674113,1.4774904
-2.640771,1.5127188
-3.0978754,1.2970275
-3.007403,1.24987
-3.0576692,1.2708741
-3.111828,1.1307284
-3.0236328,1.1073635
-3.0672944,1.120636
-2.3082802,1.5546597
-2.3111496,1.5494584
-2.300762,1.5515113
-2.6952546,1.3421129
-2.6952546,1.3421129
-2.6961246,1.3413894
-2.8563294,1.420446
-2.8563294,1.420446
-2.8566575,1.4206995
-2.9789371,1.2941996
-2.9202151,1.2570168
-2.9421167,1.2773194
-2.5477648,1.698313
-2.5771966,1.6786516
-2.5644217,1.6907831
-2.5307007,1.4579555
-2.5307007,1.4579555
-2.5307007,1.4579555
-2.8574204,1.4244916
-2.8439507,1.4044334
-2.847908,1.410882
-2.7875159,1.5150368
-2.7875159,1.5150368
-2.7881422,1.5153332
-2.9821045,1.5691204
-2.938827,1.4309319
-2.9655004,1.5051312
-2.8699346,1.2801579
-2.8498533,1.2607436
-2.8624127,1.2724209
-2.8728814,1.6306958
-2.790125,1.5694816
-2.8374515,1.5948966
-2.8641715,1.3455467
-2.785022,1.3223002
-2.8119214,1.3484539
-1.8546573,1.6554092
-1.7869647,1.6186999
-1.8308921,1.6325172
-2.7045212,1.7258335
-2.5950246,1.6884577
-2.6373358,1.700083
-2.795713,1.5047901
-2.7576673,1.4642694
-2.7725124,1.4855633
-2.9346075,1.3224834
-2.852792,1.3187387
-2.8876607,1.3251493
-2.883191,1.647993
-2.8203523,1.6027887
-2.8464646,1.6116323
-2.777103,1.3545713
-2.7998993,1.3451563
-2.7877505,1.3512415
-2.329469,1.4131111
-2.3599565,1.3965566
-2.3383772,1.4088025
-2.6862543,1.2145641
-2.6175635,1.1942424
-2.634204,1.2074775
-2.7200253,1.3885417
-2.7200253,1.3885417
-2.7196624,1.3886154
-2.913598,1.289179
-2.9029343,1.2224987
-2.90265,1.2542917
-2.1026974,0.8645304
-2.0804355,0.8121103
-2.0927577,0.8390502
-2.448303,1.5926136
-2.4660559,1.5777249
-2.4570065,1.5828356
-2.6167889,1.7022494
-2.5638826,1.6616153
-2.592173,1.6832395
-2.8199747,1.4977399
-2.8199747,1.4977399
-2.8205557,1.4981892
-2.8571618,1.5515636
-2.716917,1.4915484
-2.7734997,1.5272931
-2.004927,1.6343358
-1.9279736,1.6411027
-1.961881,1.6408051
-2.97626,1.3840275
-2.961816,1.3524265
-2.9736938,1.3698697
-2.7809644,1.4473556
-2.7655709,1.4276258
-2.785229,1.4326909
-2.1351264,1.464875
-2.019219,1.503029
-2.0710413,1.4845285
-2.456666,1.623084
-2.3720386,1.5277817
-2.4198112,1.5742258
-2.8859973,1.5162866
-2.8561075,1.4856546
-2.8747814,1.5045744
-2.0766919,1.597106
-2.0003066,1.5979904
-2.0489655,1.5974575
-2.6996942,1.8262676
-2.6615303,1.7637128
-2.6717918,1.7832612
-2.8744314,1.7158027
-2.784194,1.6453379
-2.8429375,1.674136
-2.9982448,1.3680526
-2.9214783,1.2979728
-2.9630423,1.3293685
-2.7160535,1.6270586
-2.7160535,1.6270586
-2.7164474,1.6271908
-2.9734573,1.4599574
-2.8922098,1.4058895
-2.9301543,1.4367743
-3.0864403,1.2551341
-2.9804013,1.2476317
-3.030847,1.2495794
-3.2918367,0.8543857
-3.2676516,0.83948255
-3.2844007,0.8489696
-2.289998,1.4627085
-2.28476,1.4347003
-2.2977035,1.4453596
-2.9247148,1.5577306
-2.7226973,1.4852117
-2.8205388,1.5189676
-2.9451077,1.5233483
-2.925342,1.4367
-2.9426556,1.4824834
-1.7017089,2.0628085
-1.5578038,1.9601303
-1.6132585,2.0237193
-2.9890995,0.9527173
-2.9890995,0.9527173
-2.9901547,0.95205814
-2.712397,1.3555434
-2.696534,1.3244169
-2.7066617,1.3353925
-2.7193346,1.5092509
-2.6014507,1.4539876
-2.6793303,1.4763641
-1.9231015,1.4421266
-1.9231015,1.4421266
-1.9218485,1.4423208
-2.7868066,1.7764783
-2.7444391,1.6415929
-2.7659516,1.7024152
-2.4597123,1.6030152
-2.4658072,1.5641884
-2.4383621,1.5882466
-3.0188444,1.1250293
-2.987538,1.108677
-3.00146,1.1215807
-2.9019158,1.2124885
-2.9019158,1.2124885
-2.902066,1.2118427
-2.7426553,1.6617299
-2.6516235,1.6051522
-2.6924028,1.6334347
-1.5900141,1.67371
-1.5531956,1.658334
-1.5643076,1.6677521
-2.8995812,1.1726623
-2.852407,1.1552027
-2.8752964,1.1604471
-2.9611852,1.6040151
-2.889922,1.522274
-2.9215024,1.5636379
-2.5348861,1.3829792
-2.5217078,1.3296057
-2.5357864,1.3596953
-2.8621993,1.2369479
-2.8153415,1.1827195
-2.8604515,1.2133504
-2.5369718,1.453648
-2.4657001,1.4104612
-2.4899278,1.4301901
-2.729546,1.518633
-2.6900687,1.4572185
-2.7310603,1.4894263
-2.7118511,1.556687
-2.6434,1.4859334
-2.6782691,1.5227959
-2.7093735,1.3664654
-2.628614,1.3253479
-2.696666,1.3404986
-2.859791,1.6464452
-2.8202164,1.6185557
-2.8314872,1.6232765
-2.7942772,1.5760171
-2.753101,1.5178505
-2.7749119,1.5487037
-2.870229,1.511108
-2.7578664,1.4783689
-2.814163,1.4932201
-2.9493556,1.3913256
-2.885805,1.351181
-2.9162464,1.3644618
-1.8123089,1.6036286
-1.7760047,1.5583104
-1.7816135,1.5770974
-3.019632,1.2455584
-2.9682047,1.1994379
-2.984317,1.2276871
-2.832202,1.3460563
-2.789073,1.3280092
-2.817255,1.3359389
-2.4019349,1.2594686
-2.405446,1.2341417
-2.40464,1.2413542
-2.868445,1.5169446
-2.8110006,1.5308902
-2.8406503,1.5257539
-2.739417,1.3311474
-2.6537151,1.2942713
-2.6968877,1.3099488
-2.6801128,1.4184166
-2.6801128,1.4184166
-2.6801128,1.4184166
-1.9735318,1.7623314
-1.9235622,1.7415456
-1.9568937,1.754125
-2.9421775,1.5281398
-2.7969975,1.471092
-2.8720357,1.5000442
-1.7385571,2.0505416
-1.5818081,1.9907961
-1.658017,2.0231843
-2.6627707,1.4212204
-2.6316159,1.3967838
-2.6512063,1.4111941
-2.9946158,1.3249485
-2.910835,1.2960144
-2.954126,1.3138801
-2.807732,1.3490196
-2.8182857,1.3075703
-2.8136263,1.3204622
-2.828886,1.8538258
-2.7311673,1.7030596
-2.7901073,1.7801486
-2.5237677,1.3402755
-2.4914787,1.3221753
-2.5051637,1.3344191
-2.272585,1.031324
-2.271479,0.9826856
-2.2704375,1.009289
-2.0588543,1.7021201
-1.9968902,1.6512386
-2.0328777,1.6663876
-2.8643992,1.2761629
-2.8123994,1.2523416
-2.8518445,1.2545408
-2.1949124,1.5777082
-2.182612,1.5481037
-2.211225,1.5540487
-1.5907849,1.9577473
-1.5740842,1.905686
-1.5819805,1.9310063
-2.7352736,1.2933565
-2.7333424,1.2933766
-2.7339106,1.2958165
-2.9573972,1.2064888
-2.9444027,1.1090207
-2.9547164,1.1567127
-2.835528,1.4664993
-2.7905166,1.4239279
-2.810255,1.4457052
-2.597268,1.5331287
-2.590121,1.5241193
-2.598927,1.5253032
-3.0185907,1.1203697
-2.9833186,1.1047965
-3.0089047,1.1099001
-2.7658136,1.6635464
-2.6657112,1.5985329
-2.7292378,1.6364012
-3.1402366,1.0712506
-3.0494828,1.0398865
-3.0996354,1.0559484
-1.6070764,1.6191472
-1.6070764,1.6191472
-1.6043142,1.6191776
-2.4542978,1.7406372
-2.362957,1.6521112
-2.3989062,1.6952007
-2.8921292,1.4452976
-2.8657546,1.4045308
-2.8776789,1.4266857
-2.6173432,1.4612955
-2.573076,1.4443738
-2.5920053,1.4429498
-2.7984211,1.7937137
-2.7443972,1.6641473
-2.7745645,1.7288129
-1.0880913,2.0686786
-1.0107822,2.0844119
-1.0499946,2.0754251
-3.0199265,1.2447286
-2.9313753,1.2239097
-2.9733374,1.2372459
-2.7168353,1.5620961
-2.7251053,1.5359991
-2.7241466,1.5568165
-2.4590292,1.6463583
-2.3813043,1.6123089
-2.422492,1.6310645
-2.208639,1.9159491
-2.1325676,1.8296225
-2.165611,1.8720342
-2.900004,1.5532508
-2.8463793,1.5082507
-2.8707824,1.5299288
-1.4008332,1.6271167
-1.3937176,1.5971597
-1.3982368,1.611781
-2.6364298,1.5516267
-2.5009534,1.5361606
-2.5647972,1.551729
-2.4902713,1.7723594
-2.3721607,1.7109945
-2.4138942,1.7353408
-2.7154443,1.4674363
-2.691399,1.4372063
-2.71137,1.4568486
-2.6492958,1.5307825
-2.6492958,1.5307825
-2.6488814,1.5304451
-2.7502515,1.451853
-2.7420526,1.4310143
-2.7423792,1.4429783
-2.829621,1.27894
-2.786102,1.2906122
-2.815137,1.2812417
-2.4375303,1.3268143
-2.350373,1.2772508
-2.388934,1.2999507
-2.5995054,1.5092798
-2.573242,1.4858047
-2.5923269,1.501603
-2.3745685,1.6615851
-2.3282464,1.6093736
-2.359916,1.6413379
-2.707005,1.5586219
-2.690672,1.5345626
-2.6937277,1.5444916
-3.0914383,1.3306216
-3.0676916,1.2967966
-3.0840383,1.3120098
-2.6738281,1.3406165
-2.6381912,1.3047132
-2.6433492,1.3194947
-3.2346668,0.80256116
-3.20011,0.7924038
-3.2148328,0.79437137
-1.8256747,1.665444
-1.7481662,1.6560856
-1.7816521,1.6636076
-2.5916777,1.529462
-2.540041,1.4921952
-2.561144,1.5184668
-2.4467123,1.7320622
-2.391119,1.6269915
-2.4257855,1.6867433
-0.5290173,2.5745437
-0.52931726,2.5086443
-0.5277275,2.5426147
-2.7297533,1.6012478
-2.6810522,1.5630374
-2.7126968,1.5911866
-2.341303,1.6219798
-2.2118356,1.5834379
-2.2798064,1.602491
-2.7069054,1.4719964
-2.7074642,1.425413
-2.714049,1.445115
-2.8937144,1.5753628
-2.8524063,1.5198046
-2.8602424,1.5342927
-2.396827,1.1772554
-2.3295362,1.0640415
-2.3594847,1.1226217
-2.4239893,1.465872
-2.4239893,1.465872
-2.4215267,1.4652182
-2.5404623,1.5026857
-2.5039663,1.4801261
-2.524146,1.4970552
-2.616688,1.3576924
-2.5291784,1.3219172
-2.5709658,1.3405594
-2.1957612,0.96830004
-2.1417756,0.8867706
-2.1689904,0.9282227
-2.891157,1.5355107
-2.8477054,1.480833
-2.8699937,1.5092565
-1.6103443,1.8002361
-1.4776525,1.802449
-1.5480977,1.7984666
-2.6434739,1.399624
-2.5685678,1.3730837
-2.6110752,1.3833325
-2.196775,1.5231677
-2.1610081,1.5270747
-2.1741328,1.526468
-2.820959,1.4755452
-2.7995281,1.462752
-2.824993,1.4826216
-2.2213094,1.7432817
-2.0717027,1.6524009
-2.140081,1.6941476
-2.5419915,1.630574
-2.4303613,1.5645283
-2.488066,1.6082193
-2.6599379,1.5418035
-2.6417534,1.5255133
-2.6552718,1.533543
-2.6350503,1.392161
-2.6350503,1.392161
-2.6371472,1.391382
-2.7555127,1.500111
-2.6737082,1.4503918
-2.7097533,1.4741637
-2.772257,1.4387379
-2.772257,1.4387379
-2.772172,1.4385103
-2.9880445,1.1435089
-2.9403684,1.1186185
-2.9609737,1.1267363
-3.0791593,1.2808217
-2.9704757,1.2127934
-3.0343506,1.248749
-1.7871461,1.6969765
-1.7871461,1.6969765
-1.7870367,1.6953431
-3.0060756,1.58446
-2.9795735,1.5418236
-2.990789,1.5639346
-2.4262974,1.4400883
-2.3920913,1.4379041
-2.3767273,1.4386036
-2.8518987,1.1650554
-2.7672782,1.1738693
-2.8106806,1.1716692
-1.722825,1.899748
-1.6314675,1.8749145
-1.6843847,1.8922188
-2.3356352,1.4827571
-2.3062518,1.481827
-2.320779,1.473702
-2.4661465,1.633488
-2.4167342,1.6034113
-2.4446082,1.6198341
-2.7665179,1.4373839
-2.7262163,1.4367691
-2.760978,1.4346452
-2.7477896,1.2943826
-2.7228491,1.2787172
-2.7380285,1.2874174
-2.6206908,1.5206637
-2.5044916,1.4574991
-2.5805476,1.4906923
-2.908342,1.2425655
-2.8825517,1.2257864
-2.8965957,1.23176
-1.6977375,1.6935729
-1.6496725,1.6859275
-1.6655911,1.6901139
-2.7992232,1.5806274
-2.7503743,1.5497015
-2.7615833,1.553976
-2.5735383,1.5597179
-2.5735383,1.5597179
-2.5706463,1.5591882
-3.084922,1.3006248
-2.9840655,1.2195826
-3.0366578,1.2609032
-2.54718,1.5268534
-2.4668975,1.4807577
-2.5085833,1.5028261
-2.4313388,1.529434
-2.3650959,1.4933807
-2.4086347,1.512721
-2.900461,1.6317686
-2.8309534,1.5671396
-2.8710506,1.5981042
-2.6101,1.5631015
-2.6101,1.5631015
-2.6091826,1.5628725
-2.3471315,1.6976175
-2.2458534,1.6269925
-2.3081975,1.6677212
-2.5980165,1.6355474
-2.4909856,1.6173303
-2.55963,1.6247358
-2.725002,1.2988716
-2.6661777,1.3333467
-2.706033,1.2967955
-2.6270347,1.3764893
-2.4481807,1.3014891
-2.5450675,1.3384846
-3.0913882,1.1408006
-2.9988055,1.1165776
-3.044656,1.1272373
-1.9407215,1.4484076
-1.9137273,1.4584384
-1.9205836,1.4554089
-2.591356,1.5798938
-2.622745,1.5655115
-2.607578,1.5740523
-2.7805107,1.2806435
-2.7685459,1.2462573
-2.7820728,1.2623891
-2.7090018,1.649584
-2.6861699,1.6336508
-2.7053645,1.6293992
-3.0638227,0.985702
-3.0638227,0.985702
-3.061022,0.98727745
-2.7248583,1.5504872
-2.6726506,1.5155323
-2.7077322,1.5392596
-2.8655245,1.6260227
-2.8208344,1.4947573
-2.8391163,1.5597438
-2.5308144,1.3515255
-2.6953795,1.3064609
-2.6242526,1.3286562
-2.4218342,1.7646494
-2.2778254,1.6941489
-2.3513758,1.7322942
-2.7174006,1.4280059
-2.607398,1.4366844
-2.6513937,1.4326681
-2.3473372,1.397191
-2.2244182,1.410082
-2.2895858,1.3984509
-2.6066127,1.1835661
-2.624994,1.1630684
-2.6099782,1.1760441
-2.2442207,1.4934404
-2.2193544,1.475283
-2.2384202,1.4878013
-2.889796,1.4304249
-2.8597424,1.4215928
-2.8726416,1.4230005
-2.729854,1.6693522
-2.6741822,1.6233621
-2.706007,1.6389471
-2.5378036,1.4872609
-2.484588,1.4662354
-2.517021,1.4720979
-2.590848,1.1647557
-2.62202,1.1377156
-2.5935948,1.1520917
-1.7471793,2.0214982
-1.6280142,1.9796662
-1.6911403,2.0039499
-3.0299149,1.2163197
-2.9414988,1.1399678
-2.9919574,1.1684394
-2.1745617,1.4422495
-2.1549325,1.4201988
-2.1710405,1.432499
-2.1785088,1.4939083
-2.039058,1.4465407
-2.103363,1.4713589
-1.6875348,1.7662281
-1.5806688,1.7051532
-1.6349993,1.7336488
-2.499184,1.7274117
-2.4671662,1.688136
-2.4857776,1.7140726
-2.9293005,1.4086095
-2.8787625,1.3752283
-2.8953593,1.3943281
-2.723333,1.6823161
-2.6677878,1.5915827
-2.6925588,1.6353692
-2.8041697,1.6747471
-2.7548432,1.626173
-2.782767,1.6559546
-1.4797686,1.515053
-1.4628462,1.4861729
-1.4687567,1.502604
-2.252322,1.7010067
-2.2657888,1.6800714
-2.2645311,1.6919279
-2.7739208,1.6359024
-2.692859,1.6001222
-2.7393494,1.6181865
-2.9569807,1.2588739
-2.8724263,1.2375721
-2.916848,1.2508143
-1.7033675,1.9229531
-1.6237034,1.8107963
-1.6512662,1.8651286
-2.015611,1.6079359
-1.9598763,1.5464867
-1.9757695,1.5810684
-1.5685003,1.8966947
-1.5277611,1.8699268
-1.5368422,1.8861433
-2.937863,1.3702743
-2.913464,1.346587
-2.927147,1.3570331
-2.9473214,1.176997
-2.9120424,1.1797048
-2.920716,1.1788641
-2.6994932,1.4592371
-2.7092617,1.4797583
-2.569797,1.5490375
-2.6040318,1.5874499
-2.7468395,1.3777652
-2.758241,1.3950069
-2.5628603,1.4776871
-2.5804722,1.4860404
-2.6278107,1.4443982
-2.6722887,1.4705313
-2.3517387,1.5026898
-2.3851447,1.5145572
-2.3707685,1.5236382
-2.4057574,1.5313824
-2.664509,1.4774945
-2.6961179,1.4925983
-2.5313601,1.5330418
-2.5578372,1.5461538
-2.6744702,1.3460802
-2.6777349,1.352013
-2.334213,1.5142796
-2.3226244,1.5283065
-2.6722171,1.409415
-2.673979,1.4293154
-2.590125,1.4252701
-2.61524,1.4376398
-2.634607,1.4482851
-2.6313074,1.4550562
-2.6203508,1.4723679
-2.6220322,1.4785863
-2.5236125,1.4590075
-2.534027,1.4842227
-2.6971579,1.4243581
-2.698034,1.4285015
-2.6522398,1.4792651
-2.6738715,1.5100361
-2.3403816,1.5079701
-2.356029,1.5084226
-2.4742854,1.4254755
-2.523274,1.4311168
-2.5689561,1.3737172
-2.5924432,1.3911424
-2.5843687,1.4123586
-2.6005363,1.4272581
-2.4338033,1.5045615
-2.430805,1.5061935
-2.015765,1.6004231
-2.001701,1.6184319
-2.5641642,1.4153631
-2.5259674,1.4547583
-2.137441,1.5883625
-2.219656,1.5980974
-2.587348,1.4745234
-2.622857,1.4856182
-2.5778077,1.460338
-2.5885983,1.4649148
-2.5174901,1.4355026
-2.5228736,1.4494741
-1.9721426,1.6396096
-2.013466,1.6490259
-2.6922462,1.2856387
-2.7109597,1.3029529
-2.1135657,1.5779631
-2.1237793,1.5828744
-2.6670294,1.407209
-2.6707122,1.417837
-2.4803355,1.4934042
-2.479288,1.510866
-2.2475226,1.5353552
-2.228204,1.5525929
-2.6145668,1.4345372
-2.626598,1.4666024
-2.5549924,1.4931394
-2.586826,1.5143478
-2.7361753,1.3772408
-2.760889,1.3914727
-2.654201,1.3596455
-2.6868038,1.3697522
-2.6185215,1.4950986
-2.6376846,1.534499
-2.6178627,1.4127318
-2.6251526,1.4297389
-2.4074788,1.510536
-2.4276302,1.5272732
-2.6573448,1.4515848
-2.7021778,1.4882833
-2.6808145,1.4083394
-2.70944,1.4235839
-2.7780085,1.3059286
-2.8268175,1.3184012
-2.7179527,1.3374467
-2.7197673,1.3538879
-2.3814359,1.5330268
-2.3850355,1.5533361
-2.5606785,1.4728541
-2.609262,1.5006989
-2.5596511,1.4972498
-2.5738907,1.5302331
-2.6872573,1.527123
-2.6869993,1.5633055
-2.6613562,1.4553795
-2.6889832,1.4778223
-2.686021,1.4752018
-2.7143507,1.4996566
-2.703097,1.4641674
-2.751971,1.505559
-2.4191198,1.4684058
-2.4493806,1.4959425
-2.6841958,1.307299
-2.721908,1.3026642
-2.714139,1.4439721
-2.717766,1.4496088
-2.5372527,1.4567327
-2.5498245,1.4640558
-2.7345865,1.3921713
-2.7187536,1.3978769
-2.6577942,1.47133
-2.662969,1.4868546
-2.6412358,1.5064832
-2.631425,1.5294294
-2.7987297,1.249886
-2.805132,1.245738
-2.615627,1.3627467
-2.6102555,1.367121
-2.6900172,1.4592853
-2.6990862,1.49247
-2.6718423,1.4529619
-2.703639,1.4775031
-2.6522546,1.416441
-2.6865475,1.4312092
-2.662948,1.4766879
-2.6992378,1.5211829
-2.1844811,1.5470732
-2.2430089,1.5648656
-2.3225462,1.5193658
-2.3257966,1.5331393
-2.6339777,1.4303951
-2.6468787,1.4410762
-2.7395866,1.4149201
-2.7758672,1.4539944
-2.7182074,1.379817
-2.7573366,1.3996205
-2.7236972,1.3319418
-2.7271678,1.3411175
-2.649063,1.4457552
-2.6594741,1.4485666
-2.6108692,1.454819
-2.6321394,1.4670497
-2.501947,1.3229085
-2.5004067,1.3367274
-2.2026298,1.525475
-2.1652436,1.5492636
-2.3898027,1.5428076
-2.4783168,1.5638902
-2.6632082,1.3436252
-2.6739335,1.3578854
-2.4927027,1.506928
-2.4849298,1.5166174
-2.6372533,1.5095395
-2.6680403,1.5077024
-2.5773711,1.4942931
-2.603517,1.515248
-2.7082486,1.4355854
-2.7093391,1.4417472
-2.604989,1.4278867
-2.6210127,1.432987
-2.7143936,1.3737644
-2.7271543,1.3901898
-2.3270414,1.5134478
-2.3472362,1.5193683
-2.192422,1.4728272
-2.173174,1.4751749
-2.6613638,1.4569626
-2.672885,1.4864104
-2.7900507,1.3202537
-2.8112423,1.3314695
-2.634837,1.5187126
-2.6335688,1.5252471
-2.428097,1.5309355
-2.445389,1.547599
-2.5146272,1.4971752
-2.5856524,1.5293614
-2.55443,1.4753929
-2.589823,1.501829
-2.7107213,1.4453237
-2.721756,1.4764454
-2.2331414,1.5400038
-2.223898,1.5554501
-2.7726498,1.3436157
-2.771938,1.379693
-2.3161218,1.5715128
-2.3770645,1.5725992
-2.6096175,1.4736263
-2.605434,1.4664326
-2.7025268,1.4646634
-2.7122645,1.4699134
-2.7233481,1.3899846
-2.7519405,1.4008801
-2.7082639,1.3371079
-2.7184973,1.3504256
-2.6118991,1.4071411
-2.61609,1.4089781
-2.039077,1.5673683
-2.053818,1.5846509
-2.39817,1.4340091
-2.3904805,1.4483564
-2.6181927,1.3234605
-2.6206372,1.3308218
-2.6550279,1.5376388
-2.6752064,1.5867422
-2.4209461,1.5067208
-2.449592,1.5179135
-2.5533981,1.4903626
-2.554964,1.4974017
-2.6567068,1.352372
-2.6506834,1.3661819
-2.7495854,1.3743604
-2.766441,1.4012316
-2.4743268,1.389267
-2.453734,1.3953947
-2.733311,1.3277802
-2.7342863,1.3637131
-2.159556,1.5273436
-2.2252705,1.526076
-2.6739402,1.4038349
-2.6998181,1.4306949
-2.4447894,1.474059
-2.4608665,1.4712949
-1.9109069,1.6263707
-1.900815,1.6523294
-2.676577,1.5059115
-2.6886876,1.5359668
-2.7206268,1.3985194
-2.718794,1.422861
-2.385757,1.5070845
-2.4041834,1.5154012
-2.5809727,1.5311502
-2.604254,1.5517138
-2.7152126,1.4017017
-2.7203023,1.4032559
-2.5750728,1.4693089
-2.6003704,1.4894418
-2.4696467,1.4556993
-2.4814403,1.4652389
-2.6720672,1.4899065
-2.685942,1.5149709
-2.6210492,1.3787464
-2.6585774,1.3705238
-2.5753376,1.4048876
-2.623512,1.4296678
-2.3342063,1.4524457
-2.298808,1.4663064
-2.5583107,1.4196621
-2.580529,1.4366282
-2.6973472,1.4506328
-2.714646,1.4769636
-2.5142725,1.479268
-2.5295892,1.4871025
-2.6936777,1.353039
-2.6845076,1.3710088
-2.156899,1.5588175
-2.1829991,1.566917
-2.6251736,1.4822897
-2.6473892,1.5192937
-2.5989041,1.4388344
-2.6306221,1.464229
-2.6347497,1.4606811
-2.6545904,1.4772766
-2.6233063,1.4742655
-2.6329398,1.4842778
-2.6386786,1.4547615
-2.6573174,1.4689287
-2.726026,1.4369543
-2.7566926,1.4659413
-2.6430495,1.4034557
-2.667245,1.4128954
-2.5885074,1.2959715
-2.5567822,1.2905301
-2.6244457,1.4289122
-2.669049,1.4507428
-2.5773785,1.4770207
-2.5887027,1.4874263
-2.6596105,1.4723908
-2.6594756,1.4851083
-2.7085307,1.4299086
-2.717596,1.4539237
-2.6668491,1.4847444
-2.6613233,1.5012305
-2.6146483,1.3668438
-2.6578627,1.356902
-2.4764085,1.5190462
-2.5095885,1.5369295
-2.7406788,1.3080001
-2.754636,1.3164843
-2.6242826,1.4921805
-2.6254172,1.5042579
-2.7538536,1.3483425
-2.7654042,1.3756509
-2.5137157,1.4491748
-2.5020037,1.4680642
-2.5361707,1.4595193
-2.5477421,1.4734237
-2.6474268,1.3980066
-2.671932,1.4115177
-2.6285915,1.5157822
-2.6298723,1.549444
-2.8070557,1.2770097
-2.8270614,1.2809122
-2.6929657,1.5093075
-2.6901329,1.5172325
-2.6116428,1.4301803
-2.6341066,1.4552189
-2.6706002,1.3133775
-2.6833198,1.3093591
-2.6526592,1.3766428
-2.6711829,1.3975983
-2.6516507,1.3729247
-2.672264,1.3899524
-2.6651664,1.4735605
-2.6762967,1.4873667
-2.6847417,1.3780969
-2.7069063,1.3647218
-2.5702114,1.3863479
-2.5743332,1.393826
-1.6626371,1.621933
-1.6501459,1.6305835
-2.490211,1.4675691
-2.5168903,1.4943475
-2.7059143,1.4684527
-2.7413933,1.4993836
-2.4768715,1.4800614
-2.501763,1.4930328
-2.7294474,1.4028462
-2.7444766,1.4231536
-2.701384,1.5163491
-2.7165017,1.5422671
-2.6386473,1.5140191
-2.6605368,1.5344636
-2.3443408,1.5563253
-2.32557,1.5860369
-2.4817016,1.5416462
-2.5092,1.5772728
-2.5584087,1.3972113
-2.557225,1.3985357
-2.7807152,1.396499
-2.7993913,1.4030669
-2.4685786,1.4884726
-2.4984603,1.4931515
-2.55506,1.4805833
-2.5365307,1.4992945
-2.6697776,1.4537077
-2.664162,1.4644841
-2.1511075,1.5072082
-2.1796877,1.5278299
-2.1021826,1.5885586
-2.2024121,1.6106277
-2.6463008,1.412624
-2.6509173,1.4223809
-2.6231153,1.373906
-2.6383247,1.3732681
-2.7193394,1.4727286
-2.7416673,1.5009286
-2.7620943,1.426205
-2.7749674,1.4549348
-2.677684,1.4391701
-2.6901915,1.4500483
-2.6760552,1.5029322
-2.6843886,1.5279312
-2.4947975,1.4885654
-2.5034556,1.5013388
-2.751495,1.3604234
-2.7720149,1.3786563
-2.0778599,1.4966655
-2.0870266,1.5003752
-2.586794,1.4827613
-2.6021392,1.5110191
-2.4502194,1.5371323
-2.455156,1.5472977
-2.584934,1.409423
-2.631598,1.4350076
-2.6678758,1.3490349
-2.67634,1.3649075
-2.651545,1.4823471
-2.685803,1.5158436
-2.6374063,1.4314369
-2.651469,1.4625224
-2.5818377,1.5026383
-2.5765684,1.5093622
-2.6850312,1.4369887
-2.6843958,1.4398402
-2.0307884,1.5130087
-2.0120459,1.5155678
-2.0903249,1.4359407
-2.0587072,1.4457229
-2.3573272,1.4985648
-2.3615508,1.5076284
-2.5698817,1.4805881
-2.6113877,1.5106604
-2.5448103,1.4252838
-2.5364704,1.4417592
-2.4158773,1.5101277
-2.4577694,1.5250866
-2.3220851,1.5115302
-2.3134565,1.5358032
-2.6282523,1.3472034
-2.6455247,1.3416394
-2.6197464,1.4697018
-2.618994,1.4779775
-2.703286,1.4279815
-2.7093906,1.4360882
-2.696611,1.3956269
-2.7095144,1.4169486
-2.5029197,1.49958
-2.4973247,1.5016719
-2.6860337,1.3819307
-2.6891532,1.3849018
-2.602498,1.4476254
-2.590735,1.4651902
-1.8593538,1.4905341
-1.8815479,1.5215033
-2.5507383,1.4205347
-2.5625174,1.4327502
-2.6997921,1.4027531
-2.6979969,1.4311343
-2.7112968,1.4469593
-2.7179108,1.4742982
-2.6320546,1.5033466
-2.6464293,1.5305102
-1.9762598,1.6060088
-1.9988977,1.6340156
-2.5210502,1.4532417
-2.5342147,1.4609879
-2.3361578,1.5138302
-2.3417025,1.5318658
-2.5785527,1.4793302
-2.5783813,1.5012178
-2.4449987,1.5235444
-2.4666421,1.5507232
-2.6386645,1.4670118
-2.6450665,1.495169
-2.4452739,1.4991734
-2.4310098,1.5089637
-2.5238237,1.4527409
-2.5384476,1.4596475
-2.5342183,1.388905
-2.5387008,1.3960441
-2.6910038,1.3969839
-2.7062929,1.4098802
-2.6500995,1.4565254
-2.646572,1.4631672
-2.689397,1.3192091
-2.6986184,1.3292325
-2.6532876,1.3765196
-2.6550448,1.3771088
-2.6512365,1.523422
-2.6914873,1.5565592
-2.4934902,1.4835209
-2.4994614,1.5077276
-2.6414096,1.4566468
-2.6467574,1.4730121
-2.7321708,1.3784646
-2.7466495,1.3873104
-2.5899496,1.3521823
-2.5887554,1.3550005
-2.4960759,1.4967693
-2.5222836,1.5196387
-2.3370323,1.4985242
-2.3466394,1.5094781
-2.7334802,1.3729253
-2.743815,1.3766023
-2.6709225,1.4806122
-2.6663058,1.488651
-2.68819,1.4090347
-2.6992307,1.4351679
-2.5512214,1.4987032
-2.5416768,1.504903
-2.156417,1.5892308
-2.1537447,1.6279337
-2.5531666,1.4428132
-2.5685577,1.4492134
-2.588136,1.5077529
-2.6037428,1.5224742
-2.5337043,1.5315938
-2.557709,1.5515364
-2.673892,1.4489772
-2.6684265,1.4639211
-2.702966,1.4065545
-2.7214088,1.4219668
-2.6945431,1.4118081
-2.6922913,1.4185374
-2.6585724,1.4931899
-2.673232,1.5046046
-2.7354896,1.3514135
-2.7396786,1.3755776
-2.6239173,1.4779723
-2.6485474,1.4866891
-2.8794866,1.2186499
-2.883263,1.2260088
-2.6502936,1.441293
-2.6544702,1.4632431
-2.7199807,1.4097533
-2.7317002,1.4235053
-2.4512863,1.4903418
-2.4453018,1.5015643
-2.6223843,1.5139183
-2.6312687,1.5426866
-2.2440286,1.4466776
-2.28884,1.4598132
-2.7343886,1.4221078
-2.7340376,1.4303539
-2.649504,1.4676507
-2.6614735,1.4836918
-2.7472231,1.2778779
-2.7697508,1.2857392
-2.7181253,1.4004221
-2.7293527,1.4094685
-2.6618757,1.4098806
-2.6550534,1.4117734
-2.662679,1.4443212
-2.6868262,1.4614726
-2.6412086,1.4513768
-2.6924036,1.4766774
-2.628355,1.4203659
-2.6555872,1.4424905
-2.7168922,1.3728598
-2.7124798,1.3914236
-2.7273076,1.4280053
-2.7533696,1.4632523
-2.6153972,1.3885832
-2.6297464,1.3935128
-2.5047421,1.5298727
-2.5259876,1.5479678
-2.6382935,1.3882959
-2.6861713,1.3932953
-2.704492,1.4334439
-2.7353146,1.4469047
-1.8742455,1.5070882
-1.8711783,1.5251482
-2.6057086,1.5193653
-2.5984027,1.5235991
-2.0680573,1.524298
-2.0913959,1.5377365
-2.5613573,1.4982357
-2.5628936,1.5034206
-2.6220493,1.440997
-2.6655803,1.4672806
-2.6903298,1.476217
-2.7348518,1.5223693
-2.5408869,1.4113374
-2.514542,1.4419549
-2.610881,1.4207822
-2.598922,1.4253713
-2.6681755,1.4709921
-2.6753638,1.4851216
-2.7071912,1.4368178
-2.7131417,1.4513955
-1.9399507,1.6202458
-1.9933766,1.621147
-2.4698079,1.435905
-2.4927738,1.448725
-2.7226048,1.3833833
-2.7422304,1.4003708
-2.3500998,1.5112027
-2.3598788,1.5152344
-2.632675,1.3411752
-2.6165378,1.344273
-2.3083413,1.5263628
-2.288016,1.5407465
-2.5954387,1.5095186
-2.6200302,1.5342805
-2.0785215,1.6330148
-2.1605122,1.6461562
-2.7070353,1.4408581
-2.719352,1.4691384
-2.570216,1.5182161
-2.6055553,1.5128843
-2.656379,1.4409851
-2.6578221,1.4475572
-2.6382794,1.4744151
-2.6382,1.4923655
-2.592547,1.3875651
-2.5916781,1.3877786
-2.6104364,1.500922
-2.61405,1.5174215
-2.6931167,1.4931933
-2.6969445,1.4990734
-2.6014786,1.4183422
-2.6191232,1.4421068
-2.0099807,1.4504985
-2.0582454,1.4687433
-2.6599424,1.525562
-2.6589367,1.5664594
-2.614335,1.3526696
-2.6327596,1.3570279
-2.6216068,1.4831251
-2.6260123,1.5074635
-2.6617138,1.4708253
-2.6855922,1.5082333
-2.6959746,1.3264576
-2.712661,1.341472
-2.7738278,1.3620656
-2.7954373,1.3788235
-2.0767388,1.589183
-2.0853527,1.6154507
-2.1840098,1.4938266
-2.219868,1.5048462
-2.7129974,1.4762676
-2.71754,1.4891628
-2.3111594,1.4610124
-2.3414917,1.4687585
-2.5564506,1.5084697
-2.5646589,1.525201
-2.6652596,1.4897897
-2.69325,1.5087517
-2.5508287,1.490436
-2.554348,1.4964582
-2.616816,1.45461
-2.630246,1.4653704
-2.7189083,1.4513317
-2.7300713,1.4544108
-2.632255,1.4979261
-2.6877937,1.5379246
-2.6134481,1.5619048
-2.653534,1.5929447
-2.7000136,1.47971
-2.7213378,1.5095006
-2.7032583,1.4647486
-2.7251809,1.4890962
-1.9793401,1.3552119
-1.9493731,1.3709351
-2.5991886,1.4853255
-2.6110728,1.4906596
-2.5547729,1.571101
-2.5565987,1.5977542
-2.499697,1.4432179
-2.5075393,1.448208
-2.4696262,1.5740751
-2.5191507,1.5874687
-2.6998754,1.466927
-2.7007432,1.4814568
-2.6138887,1.4543532
-2.6224332,1.462057
-2.4097767,1.5108669
-2.3958056,1.5209284
-2.0960298,1.4773469
-2.134927,1.5014818
-2.5658927,1.5023538
-2.564396,1.5114073
-2.683361,1.4424278
-2.7130218,1.4755418
-2.1869817,1.5728401
-2.2696793,1.5856429
-2.3360975,1.5004352
-2.3185968,1.5056016
-2.035957,1.5913682
-2.0122502,1.6224824
-2.7187448,1.4961764
-2.7576451,1.5281457
-2.4352944,1.4392132
-2.4241416,1.4460727
-2.632391,1.4277757
-2.6347554,1.4338088
-2.624585,1.4745357
-2.6511407,1.4987148
-2.6619453,1.426901
-2.6732955,1.443445
-2.4934654,1.4299501
-2.5109296,1.4338052
-2.7595048,1.3803941
-2.796087,1.400126
-2.5313027,1.4913386
-2.5572503,1.5115604
-2.469898,1.4987744
-2.4769795,1.5089406
-2.605693,1.50833
-2.6750116,1.5480907
-2.7522457,1.3323364
-2.7869594,1.3451402
-2.73451,1.3565611
-2.7457728,1.3906347
-2.2101753,1.5705858
-2.2467685,1.5760908
-2.5922015,1.4261565
-2.5974798,1.4398952
-2.740502,1.3485986
-2.737631,1.3564016
-2.537594,1.521556
-2.5597317,1.5391746
-2.7138238,1.2682829
-2.715931,1.2680054
-2.5374985,1.4886048
-2.530869,1.5097829
-2.6621916,1.4464121
-2.652724,1.4631618
-2.7039092,1.3767422
-2.7143095,1.4039642
-2.0832238,1.5762941
-2.1018143,1.5825524
-2.6831512,1.4673706
-2.7221906,1.4994162
-2.6283896,1.4225137
-2.6555061,1.4458332
-2.8317432,1.2515991
-2.8352783,1.2592901
-2.6844532,1.4247993
-2.6908584,1.4427601
-2.7096872,1.4719121
-2.7216356,1.4824388
-2.5794723,1.4643419
-2.5977104,1.469009
-2.6415942,1.4372991
-2.652163,1.4478753
-2.5320694,1.5359277
-2.5264046,1.5523065
-2.7035224,1.4244181
-2.743698,1.445122
-2.5596206,1.5192465
-2.5996106,1.5526009
-2.625971,1.4742503
-2.641376,1.4971288
-2.6087387,1.4652697
-2.6141207,1.4728729
-2.675705,1.4289632
-2.689625,1.4386506
-2.536557,1.4378905
-2.5453858,1.445352
-2.521099,1.5500175
-2.5188875,1.5607092
-2.6900115,1.4230397
-2.6953027,1.427721
-2.673725,1.4776167
-2.7021532,1.4876955
-2.0403886,1.6144551
-2.0800877,1.6320024
-2.4845788,1.4907001
-2.4880059,1.4962736
-2.6347125,1.3969532
-2.648524,1.4075797
-2.5169694,1.3373563
-2.500071,1.3583527
-2.3971133,1.5068021
-2.3886495,1.5263649
-2.5916245,1.400011
-2.5894604,1.4225619
-2.6594996,1.3976876
-2.6871982,1.4224375
-2.527752,1.5266032
-2.5368006,1.5310122
-2.684061,1.44582
-2.6763654,1.4532256
-2.6667259,1.5217549
-2.704644,1.560115
-1.5054706,1.445095
-1.4932455,1.4552402
-2.5865448,1.5028081
-2.6030326,1.5270042
-2.5671997,1.5131929
-2.5807405,1.5153886
-2.8887024,1.2792151
-2.8915718,1.2851353
-2.019822,1.5870637
-2.0320733,1.6061367
-2.638751,1.4456087
-2.645466,1.4597948
-2.577507,1.4747524
-2.6253092,1.5022266
-2.7862122,1.4569473
-2.795903,1.4893477
-2.6455994,1.4063917
-2.659171,1.4135922
-2.6980407,1.4812697
-2.714205,1.5281858
-2.5724332,1.5248032
-2.6180809,1.5555396
-2.5443952,1.5150508
-2.5963602,1.5435274
-2.7030838,1.3546678
-2.7017324,1.3615001
-2.6421318,1.5104665
-2.6841018,1.5199931
-2.6681507,1.4206189
-2.6776237,1.4273822
-1.5983841,1.6440631
-1.708257,1.6332959
-1.9141036,1.5342696
-1.8981681,1.5368826
-2.6798968,1.5021232
-2.7172704,1.5351938
-2.3839362,1.5112839
-2.4153495,1.5219518
-2.573057,1.4663504
-2.585694,1.4819534
-2.5567682,1.4784462
-2.56924,1.4853519
-2.4410858,1.5226755
-2.4294271,1.5382898
-2.3658323,1.5100831
-2.3547554,1.521044
-2.705462,1.3647968
-2.7118227,1.3904431
-2.6434166,1.495899
-2.6774116,1.5416818
-2.5083365,1.4568155
-2.5476165,1.4708859
-2.6447985,1.483536
-2.6724012,1.5244085
-1.8440416,1.4595424
-1.824395,1.4654862
-2.4409926,1.4385736
-2.4739816,1.4416635
-2.4991014,1.527779
-2.4947047,1.5363206
-2.6651688,1.4455267
-2.681102,1.4571159
-2.7410314,1.3498002
-2.781492,1.3690121
-2.4768322,1.5071118
-2.4830856,1.5163057
-2.6679492,1.4072657
-2.682341,1.4291787
-2.6213522,1.4924208
-2.6103637,1.493379
-2.602117,1.4130337
-2.6555798,1.4358423
-2.7695055,1.337772
-2.7847326,1.3558202
-2.38678,1.5231841
-2.4075794,1.5456561
-2.6504908,1.5102385
-2.6737573,1.5150877
-2.4812722,1.5325093
-2.5296917,1.5584916
-2.6423979,1.409383
-2.6830118,1.4276801
-2.8156505,1.2343708
-2.8082864,1.2591767
-2.5410948,1.5355201
-2.5711298,1.5527169
-2.6978483,1.4656156
-2.6964216,1.4777834
-2.732953,1.3583201
-2.7312777,1.3683158
-2.3847253,1.316979
-2.3717175,1.3232673
-2.4404051,1.5337985
-2.4399614,1.5622159
-2.6711862,1.3778076
-2.6860483,1.3841752
-2.5767083,1.4799309
-2.6144798,1.4915454
-2.6998172,1.3555554
-2.730961,1.3697191
-2.6034362,1.4984494
-2.5991113,1.5185227
-2.587973,1.480874
-2.5828435,1.4944633
-2.6868515,1.3582776
-2.708466,1.3819096
-2.1553676,1.5311247
-2.1530378,1.5545872
-2.7544715,1.3023901
-2.7718742,1.3125186
-2.495974,1.3266209
-2.5911767,1.3754952
-2.7400043,1.4192982
-2.7537215,1.4382643
-2.6608179,1.3461964
-2.663655,1.3633139
-2.6194983,1.411136
-2.6557083,1.4195971
-2.4432967,1.4424454
-2.41673,1.4548218
-2.303951,1.5236337
-2.299527,1.5428376
-2.6267278,1.3616265
-2.6557553,1.3615612
-2.1314764,1.588284
-2.2019417,1.6185533
-2.760268,1.354148
-2.764105,1.3635414
-2.6935675,1.414855
-2.694909,1.4202758
-2.7468123,1.3833886
-2.7618463,1.406982
-2.6922393,1.3577658
-2.7286375,1.358766
-2.645699,1.4481285
-2.644527,1.4554566
-2.6851654,1.463842
-2.68475,1.4737427
-2.459792,1.4916888
-2.4664729,1.5139464
-2.6448913,1.5332643
-2.6831465,1.5691252
-2.6069767,1.4623945
-2.6004453,1.4709005
-2.7431815,1.398722
-2.7743492,1.4288278
-2.6334727,1.4802697
-2.6339474,1.489853
-2.2924855,1.4446238
-2.2972422,1.4666152
-2.6893973,1.4227188
-2.691953,1.4302759
-2.5479555,1.4624946
-2.553442,1.4597021
-2.5377278,1.4899495
-2.5413883,1.5004035
-2.641607,1.4679023
-2.6375391,1.4780214
-2.6822972,1.3690519
-2.704609,1.3819356
-2.5970538,1.4609545
-2.608439,1.4681385
-2.7079298,1.3328459
-2.69459,1.3474991
-2.6197436,1.4887007
-2.646904,1.5137403
-2.1228886,1.5805919
-2.259316,1.5965419
-2.753381,1.3441142
-2.784488,1.3706217
-2.4907074,1.5014874
-2.5298593,1.5072079
-2.4848158,1.4429716
-2.5009284,1.456562
-2.132488,1.5729344
-2.1346748,1.5837718
-2.607498,1.3642266
-2.6162076,1.3734399
-2.1903172,1.455712
-2.2768078,1.4930825
-2.6917915,1.4047809
-2.7102478,1.4177619
-2.6568823,1.3638346
-2.702851,1.3499014
-2.4028037,1.4346509
-2.3805292,1.4525701
-2.569858,1.500853
-2.6243734,1.531603
-2.6214046,1.3696226
-2.6159616,1.3727589
-2.4553607,1.4874849
-2.4515953,1.5038087
-2.7066119,1.3355253
-2.7158349,1.3536949
-2.5098405,1.4467248
-2.5266602,1.4630028
-2.6992462,1.5188859
-2.7158954,1.5317066
-2.5707955,1.4568259
-2.588248,1.4825022
-2.7454855,1.3770536
-2.7736516,1.401612
-2.7634082,1.3239614
-2.7828045,1.3399899
-2.4497297,1.4973801
-2.4513514,1.5076925
-2.6187334,1.401223
-2.6132822,1.4046296
-2.6756678,1.4334794
-2.6823664,1.4365816
-2.703425,1.386423
-2.7093334,1.398549
-2.5521946,1.5386606
-2.5519602,1.5472596
-2.5307007,1.4579555
-2.5307007,1.4579555
-2.69557,1.4316872
-2.692167,1.4430505
-2.663406,1.477518
-2.673913,1.4810258
-2.7148309,1.4464959
-2.7440329,1.4981036
-2.7050436,1.3808459
-2.7073703,1.3862735
-2.6807911,1.4928459
-2.7121518,1.523335
-2.6610901,1.4047668
-2.6838703,1.4168526
-2.207448,1.5179385
-2.226969,1.5286363
-2.6176805,1.5446886
-2.6215487,1.563385
-2.6569965,1.4584078
-2.6678507,1.4784918
-2.6950228,1.4005316
-2.7120028,1.4159282
-2.6920717,1.5003103
-2.693581,1.5174487
-2.6595454,1.4075071
-2.6632593,1.4189626
-2.4387233,1.437026
-2.4519413,1.4448735
-2.5574584,1.3794664
-2.5772765,1.386967
-2.6361382,1.4257452
-2.6288877,1.427498
-2.6977003,1.3731225
-2.6980536,1.3925432
-2.2819252,1.0610559
-2.2712607,1.0906005
-2.5228267,1.5101845
-2.5278077,1.5079975
-2.5648332,1.5361655
-2.5815742,1.5527786
-2.6723654,1.4595811
-2.680723,1.464996
-2.6677802,1.4716985
-2.6779995,1.4942814
-2.2773073,1.5156224
-2.298315,1.5250583
-2.70891,1.4159827
-2.7242146,1.4310226
-2.648032,1.4386287
-2.6684127,1.4489275
-2.3846827,1.4680095
-2.3778682,1.4603341
-2.5060806,1.4914126
-2.5107183,1.5174
-2.7054121,1.4574957
-2.7140563,1.4716027
-2.3111858,1.5009841
-2.3336732,1.5073802
-2.6065907,1.5625274
-2.602598,1.5784466
-2.7190757,1.466129
-2.7256455,1.5099373
-2.7022724,1.3913099
-2.7333627,1.4135844
-2.6270435,1.5205597
-2.6307557,1.5250747
-2.7392693,1.4332943
-2.7557373,1.4602014
-2.7381074,1.3620263
-2.752863,1.3767782
-2.9526012,1.1684971
-2.9660535,1.1758435
-2.4668274,1.4478782
-2.447189,1.4583994
-2.6705234,1.4764221
-2.7026834,1.504686
-2.6975522,1.45234
-2.724558,1.4772776
-2.0322974,1.6513929
-2.0950558,1.6806406
-2.7641056,1.2300225
-2.7681618,1.227151
-2.6153886,1.4058934
-2.6356678,1.411091
-2.5468695,1.4516054
-2.6053581,1.4697474
-2.200093,1.4484826
-2.196109,1.4501513
-2.633362,1.5366484
-2.657712,1.5654088
-2.5241408,1.4904519
-2.506998,1.5119098
-2.751148,1.3296632
-2.7504249,1.3422107
-2.6999173,1.343279
-2.6960971,1.3512356
-2.5937989,1.5059464
-2.6319532,1.5371691
-2.0780761,1.5367359
-2.0619154,1.5516856
-2.6915865,1.3500108
-2.6876395,1.3571175
-2.712389,1.4669025
-2.754762,1.5114499
-2.5487833,1.4115397
-2.5574884,1.4266632
-2.6723545,1.3516152
-2.6922905,1.3733616
-2.5377822,1.4376389
-2.5355248,1.4581281
-2.6168172,1.4605875
-2.6294172,1.4821572
-2.6197464,1.4764203
-2.6275454,1.4915701
-2.594767,1.4030795
-2.6323729,1.4176608
-2.6841166,1.5097101
-2.6922252,1.5261099
-2.6506233,1.4704071
-2.643803,1.4925389
-2.6499228,1.4567735
-2.673698,1.479455
-2.7065573,1.4129784
-2.7151766,1.4339485
-2.153749,1.5022322
-2.1627705,1.515273
-2.7358303,1.3574274
-2.7479784,1.3746009
-2.6691418,1.3994434
-2.6707697,1.4135041
-2.514731,1.3991551
-2.502039,1.4026517
-2.6766768,1.4760575
-2.6838243,1.4843153
-2.6293075,1.385898
-2.66181,1.403688
-2.6077633,1.4436046
-2.5981221,1.4457691
-2.2306306,1.5587277
-2.245664,1.5736185
-2.660929,1.4556516
-2.704074,1.4810959
-2.0455792,1.6544229
-2.147022,1.6739311
-2.6112304,1.4213678
-2.6140473,1.4369197
-2.7041454,1.3831522
-2.7330081,1.4007084
-2.6788013,1.3930627
-2.665255,1.4162246
-2.6213577,1.5422754
-2.647112,1.5921667
-2.5290694,1.3961921
-2.5403395,1.4017273
-2.4534028,1.29687
-2.4364736,1.3065057
-2.3020272,1.5299721
-2.3063579,1.5519505
-2.6711223,1.3744224
-2.6885753,1.3802499
-2.4102929,1.487768
-2.4226978,1.502558
-2.0458739,1.6165757
-2.0530858,1.6362187
-2.634946,1.3803916
-2.6353016,1.3938118
-2.7474644,1.326513
-2.7699835,1.3524837
-2.6893594,1.4356084
-2.6991246,1.4600228
-2.5771444,1.4666363
-2.579699,1.480841
-2.7372193,1.3366554
-2.7426856,1.3451544
-2.6051016,1.4992275
-2.6462107,1.5331384
-2.8047044,1.2923912
-2.8308694,1.3064272
-2.0755084,1.537874
-2.0506446,1.5406181
-2.5041568,1.5418637
-2.5117872,1.560015
-2.7076814,1.4312029
-2.7238917,1.4431626
-2.5619361,1.443769
-2.5702074,1.450498
-2.6385345,1.5392448
-2.6651385,1.5785997
-1.504161,1.7213054
-1.5148032,1.7304672
-2.7195978,1.357761
-2.751499,1.3663479
-2.6156254,1.4831597
-2.6290824,1.5013167
-2.4829354,1.5165578
-2.5088012,1.5408653
-2.424615,1.5850803
-2.4228122,1.6038249
-2.7083733,1.4681634
-2.734243,1.4927392
-1.7736652,1.534735
-1.7691576,1.5445884
-2.5529842,1.480798
-2.586711,1.5011965
-2.49203,1.5389775
-2.4954996,1.5627034
-2.6048696,1.4447718
-2.6286373,1.4628311
-2.5978029,1.4867059
-2.6021776,1.4888723
-2.649351,1.4429051
-2.638938,1.4575934
-2.6433032,1.3942205
-2.6685078,1.3968903
-2.499916,1.3887144
-2.4879513,1.4005693
-2.5749419,1.459974
-2.5834749,1.4771079
-2.4450846,1.5142355
-2.461327,1.5377451
-2.619744,1.4771582
-2.62338,1.4897735
-2.8117402,1.3843176
-2.8150346,1.3914067
-2.6077075,1.3995117
-2.6137056,1.4121501
-2.9469314,1.1321973
-2.950269,1.1409318
-2.1864014,1.5227373
-2.1819215,1.5431243
-2.5569937,1.4651914
-2.5750113,1.4855056
-2.4806716,1.5223798
-2.510578,1.5634102
-1.1959869,1.8538036
-1.1530842,1.9098703
-2.6239235,1.4950662
-2.6386914,1.5133235
-2.4373503,1.5049887
-2.46388,1.5310247
-2.6117678,1.4422424
-2.6262798,1.4661819
-2.6906254,1.4750873
-2.6818297,1.4829336
-2.494975,1.328611
-2.4889224,1.3625584
-2.5014613,1.4629846
-2.4896934,1.4615483
-2.5311913,1.4666843
-2.5365255,1.4857291
-2.5556443,1.386137
-2.5786567,1.4012173
-2.3789134,1.1782191
-2.3664138,1.2122117
-2.7197294,1.4554834
-2.7320352,1.4869127
-2.0016077,1.5957232
-2.0218408,1.598887
-2.5571756,1.42023
-2.5805948,1.429056
-2.4173782,1.4759932
-2.4018703,1.4879564
-2.6799326,1.4576575
-2.6933844,1.471833
-2.3730066,1.5326356
-2.3998675,1.5668141
-2.5107625,1.5088897
-2.535618,1.5367674
-2.5945542,1.4795969
-2.6166027,1.4916375
-2.6025,1.4283708
-2.586967,1.4352417
-2.6278076,1.450492
-2.6551487,1.4685707
-2.6743832,1.4399168
-2.6767268,1.4418613
-2.7297134,1.3277788
-2.7411523,1.3381987
-2.7454014,1.3596859
-2.7630837,1.3981034
-2.163875,1.5480822
-2.170099,1.5517743
-2.7313273,1.4786534
-2.7480617,1.5006473
-2.474886,1.4478074
-2.4904804,1.4504606
-2.692522,1.359924
-2.7192447,1.3504869
-2.1001742,1.6104413
-2.1256912,1.6260877
-2.4865882,1.4651527
-2.4754565,1.4700472
-2.514466,1.5184717
-2.525674,1.5296235
-2.6231248,1.448819
-2.6480327,1.4587383
-2.651161,1.3870504
-2.6522858,1.3899418
-2.5460715,1.4641423
-2.5889158,1.4854959
-2.696643,1.3695343
-2.708961,1.3738999
-2.072194,1.5477822
-2.080811,1.5520171
-2.649966,1.4875407
-2.659411,1.4965557
-2.5465784,1.4980617
-2.5660162,1.5003575
-2.7511518,1.3802135
-2.7924805,1.3945602
-2.5230906,1.4652433
-2.5319102,1.4847336
-2.49338,1.4650948
-2.503467,1.4892374
-2.6807048,1.4878068
-2.720554,1.5172311
-2.5685997,1.4996867
-2.5807002,1.4997499
-2.4305968,1.533326
-2.4527152,1.5533581
-2.5434723,1.5206084
-2.570416,1.5328319
-2.5935729,1.4108933
-2.6144254,1.4138283
-2.5530696,1.4036652
-2.5899153,1.4255878
-2.7619553,1.3243357
-2.7814362,1.3449018
-2.2351873,1.4640214
-2.2089622,1.471935
-2.5835183,1.4921622
-2.5771172,1.5065398
-2.6294196,1.3767551
-2.6571858,1.3948854
-2.6278346,1.5171207
-2.6291645,1.531436
-2.7430763,1.2821747
-2.749117,1.278482
-2.6185503,1.4783205
-2.6338954,1.4973054
-2.668135,1.4802116
-2.6832848,1.5206088
-2.6045835,1.4056927
-2.5484493,1.421283
-2.4496927,1.5456457
-2.4908435,1.5778407
-2.576593,1.4534096
-2.6205616,1.4576423
-2.4718144,1.4289806
-2.4668615,1.4308473
-2.632487,1.3513116
-2.6162894,1.356142
-2.450665,1.4616786
-2.4492114,1.4725944
-2.717907,1.4287981
-2.7067103,1.4438434
-2.595508,1.5081012
-2.6283042,1.5338829
-2.5252998,1.4589227
-2.5420415,1.4638526
-2.6098597,1.3553994
-2.58644,1.3600911
-2.1131063,1.6432726
-2.1406224,1.6560445
-2.7299328,1.3500379
-2.760072,1.3697071
-2.4041834,1.443915
-2.39075,1.4530473
-2.3187783,1.446053
-2.3729308,1.4668863
-2.0750587,1.5608573
-2.089221,1.5845373
-2.5323076,1.5315711
-2.5284364,1.5499732
-2.7079458,1.4240797
-2.747181,1.4370757
-2.6281178,1.5187209
-2.6370585,1.5508401
-2.6536627,1.5060937
-2.6708188,1.5375254
-1.7905291,1.5078868
-1.774233,1.520086
-2.389517,1.5515137
-2.4198124,1.5628228
-2.6200001,1.5097582
-2.6638906,1.5374457
-2.6983898,1.360295
-2.7299387,1.3718036
-2.0728457,1.6079428
-2.1166415,1.6294373
-2.325319,1.4810735
-2.321501,1.5079035
-2.0384998,1.604721
-2.037044,1.6236701
-2.732643,1.4032141
-2.739599,1.413467
-2.7122767,1.3498216
-2.7121105,1.35612
-2.983879,1.5068828
-2.9886484,1.5072185
-2.3686771,2.1539981
-2.4640682,2.1569273
-3.1950867,1.219547
-3.2360513,1.2107892
-2.4742055,1.5002949
-2.531788,1.5092059
-2.7346907,1.401617
-2.7550178,1.3981931
-1.9054213,1.6618476
-1.8945212,1.6708242
-1.9172835,1.7525455
-1.9461327,1.755711
-3.002361,1.6259265
-3.0317018,1.6318336
-2.3333542,1.803762
-2.4170341,1.8043528
-3.0359561,1.1227511
-3.028769,1.1155497
-1.7427549,1.7338399
-1.7853464,1.735656
-2.9329808,1.2049996
-2.947233,1.2018791
-2.7731893,1.3901153
-2.800724,1.3961562
-2.8732822,1.4774942
-2.8663359,1.4664893
-2.7108037,1.490109
-2.7175295,1.5017424
-2.3365622,1.3907573
-2.3824294,1.421081
-3.104798,1.3581848
-3.0963762,1.3540331
-2.9086096,1.6871089
-2.8822277,1.6691983
-1.8412075,1.7424412
-1.824995,1.7329485
-2.2769766,1.225741
-2.264833,1.237968
-2.4497535,1.224394
-2.523828,1.2396147
-2.6666245,1.2875584
-2.6913893,1.3096898
-2.121921,1.6291353
-2.1298354,1.6263942
-1.2760402,2.1411786
-1.2810965,2.0990696
-2.4874115,1.3291155
-2.5369005,1.288539
-1.3796414,2.1957319
-1.4367592,2.1698625
-2.748654,1.5357305
-2.7532423,1.5470374
-2.5873375,1.5069044
-2.595589,1.5011657
-2.2276773,1.3371254
-2.2927759,1.3498719
-1.4440414,2.22127
-1.4611636,2.2193835
-3.0035079,0.8072111
-3.0335836,0.81340617
-1.4802722,1.9525701
-1.5129344,1.957755
-2.862182,1.1573925
-2.8829043,1.1584725
-2.2498639,1.6958383
-2.2648797,1.681427
-1.6056896,1.791553
-1.636568,1.8008139
-2.7359135,1.3547037
-2.7797923,1.3630122
-2.4902763,1.7269301
-2.554372,1.7104357
-3.1853316,1.1089977
-3.2050889,1.1315479
-2.9510298,0.8891247
-2.9872012,0.8752216
-2.6756005,1.6910335
-2.7188137,1.7291412
-2.6977048,1.2347648
-2.7266138,1.2322198
-2.0369687,1.6530726
-2.03955,1.6875157
-2.8598413,1.552417
-2.8760915,1.5652634
-2.90394,1.2841301
-2.9239585,1.2828948
-3.2268565,0.83234566
-3.2518823,0.8523772
-3.1441786,0.95402473
-3.1596062,0.9673076
-1.8519635,1.8065072
-1.8872455,1.8105053
-2.5753157,1.5350679
-2.594947,1.5301682
-2.4211118,1.7579575
-2.5029016,1.7464149
-3.1658056,1.9626738
-3.1344633,1.963361
-2.808948,1.501658
-2.8477197,1.501951
-3.2375658,1.6477656
-3.22628,1.6458906
-3.0054264,1.6318535
-3.0117428,1.6305472
-2.0346282,1.4433713
-2.0982873,1.4818786
-3.0217185,0.71085376
-3.0347888,0.7167091
-3.0700486,1.4584821
-3.0644846,1.4488165
-2.4598818,1.4669493
-2.4745817,1.4647183
-2.9248724,1.2773281
-2.9354362,1.2739818
-2.9354675,1.5404681
-2.9485984,1.5548803
-2.9092567,1.8705794
-2.9319606,1.8621475
-3.291989,0.8322213
-3.2815118,0.83502346
-2.6866817,1.2634327
-2.6932144,1.2589469
-3.0600216,1.5194402
-3.0658655,1.5369066
-2.989579,1.5541161
-3.027652,1.5682836
-2.881769,1.2695942
-2.8881023,1.2751936
-3.1429303,1.6580966
-3.1292822,1.6917528
-1.5574228,1.875424
-1.6022214,1.8747698
-1.7560511,1.7579944
-1.7758212,1.7706925
-2.7089276,1.3715582
-2.7140093,1.3777369
-3.1449249,1.3785691
-3.1558404,1.3841014
-3.1724567,1.1126791
-3.1820748,1.1320415
-3.0933087,0.9080396
-3.1216419,0.9239217
-3.0326,1.4496845
-3.0114264,1.4373467
-2.744568,1.4848017
-2.789944,1.5005198
-2.2717118,0.9700571
-2.2795851,0.9816636
-1.5369663,1.7781519
-1.5894234,1.7889769
-2.0626755,2.0481632
-2.1087582,2.0363216
-2.8833563,0.8401052
-2.922265,0.85393524
-2.1350858,1.7439549
-2.1851935,1.7374809
-2.8684204,1.7193878
-2.8649993,1.6941084
-2.56905,1.634849
-2.5891886,1.6267134
-3.1448247,1.4808425
-3.1375701,1.4657283
-2.685205,1.316257
-2.672176,1.3244399
-3.1167777,1.1045434
-3.1748629,1.1088387
-1.8578072,1.6800779
-1.8857188,1.6817399
-1.4977204,1.523124
-1.5080681,1.5234178
-2.9132476,1.6056544
-2.9140904,1.5913438
-3.236318,0.9925663
-3.2654333,1.0000767
-2.8064919,1.8409832
-2.806928,1.8223666
-2.0450077,1.9132464
-2.0892618,1.9228421
-2.4267569,1.6891706
-2.4756472,1.6880176
-2.5049288,1.5614415
-2.538533,1.5570911
-3.1287985,1.439591
-3.121978,1.4505888
-1.6907973,1.974074
-1.6925648,1.9750166
-3.3082554,1.000645
-3.3175647,1.012153
-1.7969887,1.861335
-1.8433298,1.8598506
-2.61912,1.5311946
-2.7068086,1.5246196
-3.06485,1.5585736
-3.053595,1.5547388
-3.19832,1.1367749
-3.2022724,1.1492238
-3.053077,0.8549573
-3.0841393,0.87746745
-2.7887654,1.30809
-2.7858617,1.3065001
-1.3119771,1.8543019
-1.3163455,1.9114143
-1.8608131,1.3064771
-1.8734967,1.3128859
-2.9380805,0.6279916
-2.9622498,0.62667596
-2.9804022,2.040783
-2.9691377,2.0666654
-2.1024573,1.769277
-2.1075888,1.7661151
-2.5776336,1.6149257
-2.5770473,1.6057528
-2.9722402,0.8588617
-2.975415,0.84974784
-3.145685,1.1825758
-3.1587539,1.1916418
-2.079196,1.1085408
-2.1101718,1.1018252
-3.0303113,0.8798636
-3.0628135,0.9086694
-1.395652,1.8282757
-1.4193262,1.838507
-3.0365493,1.2263213
-3.0328462,1.2497593
-2.0382385,1.5069476
-2.0595791,1.5001552
-0.7658316,2.3898697
-0.78881633,2.3827004
-3.1274924,1.9379418
-3.138912,1.9070572
-3.1646888,1.2428751
-3.1592436,1.2523878
-2.1390638,1.6948278
-2.134551,1.6972734
-2.562182,1.9416732
-2.594054,1.9833891
-3.040648,1.2962419
-3.0339363,1.2930377
-2.6097736,1.5660888
-2.6046698,1.5615951
-2.226574,1.4795669
-2.2788677,1.4733156
-2.9196427,1.6714917
-2.9553955,1.6911861
-2.7541895,1.0488527
-2.8360457,1.0146611
-2.6686363,1.0906308
-2.759483,1.1297396
-1.8083355,1.3675623
-1.8492625,1.3786904
-2.4818203,1.2817663
-2.4935796,1.2834828
-2.9129002,1.4660848
-2.9285932,1.4697789
-2.450117,1.5494237
-2.448384,1.5377963
-3.024526,0.9335521
-3.0462859,0.9130431
-1.5154574,1.9483714
-1.5236412,1.9339043
-2.8336637,1.7416489
-2.8520658,1.7436824
-2.5616987,1.4232372
-2.5933611,1.4212326
-2.78351,1.4925896
-2.7773108,1.5046456
-2.861087,1.5945038
-2.8997595,1.6164439
-2.8374944,1.4126769
-2.833093,1.4422137
-3.1299756,1.4795703
-3.1362631,1.474971
-3.0039568,1.1992015
-3.0107906,1.2235304
-2.5578327,0.56878483
-2.5677195,0.5862668
-2.7214925,1.3518877
-2.7466197,1.3739659
-2.6111996,1.5915558
-2.6187634,1.5871927
-3.0768483,1.6801026
-3.0759935,1.6505094
-3.0056336,1.4190407
-3.0092585,1.4294212
-3.0323944,1.6507599
-3.0194745,1.6503505
-3.009883,0.88182753
-3.0349605,0.8686821
-2.2086387,1.7373298
-2.2591863,1.7371653
-3.1487634,0.86312574
-3.1551392,0.865112
-2.6922204,1.6794384
-2.7479553,1.6748474
-3.2242982,1.0459012
-3.238408,1.0500419
-2.3333013,1.4363184
-2.3653028,1.4243325
-2.3681495,1.4684095
-2.3859935,1.4815593
-2.8702025,1.0859348
-2.8910005,1.1234049
-2.7626264,1.8033864
-2.7974315,1.8523391
-3.282738,0.7073978
-3.2945533,0.7178688
-3.0970745,1.8471421
-3.1005306,1.8303381
-2.8334017,1.3959717
-2.8208268,1.3957961
-3.109258,0.9639764
-3.094091,0.9697411
-2.7670183,1.2468404
-2.7977197,1.2530339
-2.7910624,1.0374385
-2.8298464,1.0668861
-2.920118,1.5836761
-2.9708035,1.61194
-2.9888034,1.1251633
-2.9848304,1.0949222
-2.3332536,1.1575452
-2.347125,1.1622249
-0.75473976,2.167185
-0.7688527,2.136549
-2.214012,1.4515697
-2.3029263,1.4762071
-3.1500201,1.6735358
-3.1789348,1.6818002
-2.2544415,1.5370344
-2.2908595,1.5324066
-3.074791,1.2578064
-3.0950189,1.2646598
-2.913264,1.9176902
-2.9352653,1.8808093
-2.8075316,1.830551
-2.8420036,1.8838124
-1.8987498,1.7933123
-1.9005346,1.8681533
-1.9360296,2.0291173
-2.0337183,1.9993623
-2.473148,1.1830745
-2.4848378,1.1841787
-3.1953828,1.3238583
-3.209866,1.3310541
-2.306542,1.5738058
-2.314873,1.5686753
-2.4787374,1.5824845
-2.4936216,1.606208
-2.973607,1.457765
-3.0032456,1.4683698
-1.6069353,1.6335328
-1.627083,1.6429323
-1.4824785,2.0947545
-1.5290968,2.1148908
-2.9882803,1.2872887
-2.9699047,1.2966948
-2.7788446,1.042215
-2.7702315,1.0495937
-3.053353,1.6927819
-3.0664527,1.6775458
-3.174264,1.4796932
-3.1909575,1.4799355
-2.9105806,1.4216368
-2.9214172,1.4219636
-3.0059733,1.8571026
-3.0282943,1.8397989
-2.4057047,1.6022124
-2.4415016,1.608178
-3.1776218,1.0437311
-3.1965034,1.0516961
-1.4204016,1.6350474
-1.4200846,1.6298327
-2.6211061,1.7700236
-2.6438,1.7425468
-2.210158,1.7978846
-2.2086303,1.7945833
-2.726187,1.1557274
-2.7661855,1.2086748
-2.8260036,0.9354145
-2.8591576,0.9357035
-2.7259674,1.7099926
-2.8019602,1.697271
-2.7986732,1.3510696
-2.8243215,1.3771157
-2.6561303,1.6802368
-2.6510477,1.6703744
-2.9655464,1.4105973
-2.965213,1.4063991
-1.2754115,1.6305594
-1.2817317,1.6297401
-1.3872327,1.231174
-1.3999009,1.2403413
-1.8129042,1.6636968
-1.852646,1.6611801
-2.6027818,1.5387818
-2.6177576,1.5449915
-2.4481812,1.3026183
-2.4611585,1.3163055
-2.1754215,1.6621215
-2.2183678,1.6764041
-1.9454819,1.6944145
-1.9539756,1.7128457
-2.7696831,0.93566805
-2.7630816,0.94403446
-2.830837,1.6101651
-2.8253512,1.5950575
-3.1215956,1.4281157
-3.115739,1.4123026
-3.112178,1.1340808
-3.1094625,1.1516422
-2.3414066,1.5793551
-2.3557289,1.5883961
-2.9338856,1.228236
-2.9280741,1.2251285
-2.686063,1.4490613
-2.7029343,1.4611818
-1.4437667,1.3899295
-1.4577674,1.4203308
-2.5086424,1.2874066
-2.5361154,1.3034861
-3.078079,1.210612
-3.0931013,1.2231953
-3.1268027,1.3810093
-3.1318076,1.3963299
-2.9881372,1.7689631
-2.9975467,1.7933601
-1.2616135,2.1443596
-1.2907476,2.1644588
-2.4120011,1.4856563
-2.4396017,1.4768751
-1.7255013,1.7920833
-1.7893275,1.7850156
-2.660605,1.5828211
-2.6394377,1.5929532
-1.987018,1.9046192
-2.02929,1.9526398
-2.9396005,1.707829
-2.9149082,1.6652874
-2.1449883,1.6695334
-2.1610503,1.6595154
-2.4177778,1.4572606
-2.4494352,1.4368056
-2.4394925,1.1521326
-2.434293,1.1523273
-3.0103626,1.1237072
-3.0297892,1.1390547
-2.953361,1.5837023
-2.9476206,1.5646951
-3.0351684,0.7638615
-3.032991,0.7700515
-2.769681,1.2727365
-2.7667909,1.2723278
-2.9539716,1.9305534
-2.947574,1.9368422
-2.25507,1.5786633
-2.3047464,1.5870055
-2.79731,1.492619
-2.816739,1.4825543
-3.188285,1.1536019
-3.2056193,1.1488405
-2.8117354,1.1503768
-2.8110936,1.1469016
-2.3652256,1.6683563
-2.3404205,1.6752344
-1.9586544,1.6850885
-1.9610822,1.6645458
-3.0794733,1.060793
-3.0725555,1.0625709
-2.9838138,1.6721677
-2.9737923,1.6558808
-3.073183,1.2428645
-3.1037524,1.2628402
-2.4445891,1.690395
-2.4925923,1.6776258
-1.6201044,2.0910223
-1.6165807,2.1331406
-2.5394316,1.3977926
-2.5508916,1.4049207
-2.7176247,1.8332459
-2.7321305,1.8533591
-2.435164,1.7490234
-2.4649897,1.7515259
-2.9877057,1.4839439
-3.0136588,1.5058928
-3.1223245,1.2523776
-3.1064036,1.2591914
-3.0070033,1.2734436
-3.0187018,1.279501
-2.8911402,1.6591121
-2.9130332,1.6768267
-3.0276906,0.97157466
-3.0377235,0.98479295
-2.787186,1.5443358
-2.7895162,1.5551642
-3.308293,0.7131509
-3.3023105,0.7082236
-2.7971482,1.4123831
-2.9141047,1.4158019
-3.0894923,1.1665982
-3.112265,1.1791996
-2.1745372,1.6709292
-2.1892562,1.6533061
-2.637254,1.753999
-2.6832912,1.8226391
-1.7171507,1.381905
-1.7236133,1.382015
-3.0659575,1.3028787
-3.0853345,1.3140805
-2.8471246,1.5961374
-2.848373,1.5987371
-3.1453938,0.7256327
-3.1848726,0.7395816
-2.947768,1.2424731
-2.9518828,1.2375121
-2.8136,1.3256015
-2.8164713,1.3264592
-2.9035866,1.4252994
-2.9189537,1.4196303
-2.8210466,1.3885397
-2.8530254,1.4130837
-2.7604473,1.2257178
-2.8051605,1.2448114
-3.1162453,1.1735413
-3.0815954,1.1601101
-2.9581568,1.4397165
-2.9829168,1.448068
-2.7336626,1.173371
-2.7484555,1.1793065
-2.2601318,1.8632926
-2.3335867,1.905096
-2.938705,1.0412489
-2.9752378,1.035814
-3.1211917,1.4449806
-3.1860878,1.4292192
-1.3744007,1.5242405
-1.3787553,1.5366822
-2.6281972,1.7999166
-2.6654425,1.7838925
-1.4286823,1.7287333
-1.4334408,1.7389922
-2.574548,1.6311074
-2.5737896,1.6228333
-2.7278757,1.4257159
-2.7506485,1.4415975
-3.0357516,1.6435928
-3.0723948,1.6430284
-2.5090833,1.1194481
-2.4339488,1.1569487
-2.8557813,1.241181
-2.8256316,1.2503998
-2.9505382,1.5782907
-2.970593,1.5947404
-3.1119986,1.4224455
-3.1192381,1.4257467
-0.9654952,2.1942687
-0.97863233,2.1900315
-2.299126,1.385216
-2.349983,1.3852262
-3.0392387,1.094715
-3.0563068,1.1068537
-1.9869243,1.5980878
-2.0027494,1.604175
-2.4706864,1.0203073
-2.4865978,1.0333393
-1.6745359,1.7874124
-1.7158651,1.7943721
-2.679879,1.734715
-2.7402453,1.740675
-1.4099225,2.311895
-1.4318402,2.3357682
-3.1991875,1.445317
-3.2065058,1.4489864
-2.7168505,1.7507999
-2.6822639,1.7504737
-2.8630247,1.4233279
-2.8518379,1.4200965
-2.8787339,1.547438
-2.852397,1.5426736
-2.658878,1.2617092
-2.6587148,1.2632427
-2.7735343,1.7433939
-2.7748747,1.7185595
-3.0329008,1.6534184
-3.0264983,1.6418034
-2.6521592,1.2634726
-2.7078319,1.2991408
-1.2619804,1.4483875
-1.2995257,1.4335387
-2.9496825,1.9345844
-2.9926832,1.9616243
-2.6524634,0.9481424
-2.6770558,0.95542914
-2.7695403,1.5620596
-2.758952,1.5616597
-3.0045037,1.6614736
-3.024557,1.657339
-3.0725398,0.7876411
-3.056246,0.7894418
-3.306783,1.0817305
-3.3088021,1.0938072
-1.3187189,2.105929
-1.34615,2.113213
-1.4995099,1.6395661
-1.5229504,1.6443316
-3.1995986,1.7465463
-3.1958258,1.728393
-2.1386318,1.464592
-2.1620228,1.466989
-2.5033946,1.7875046
-2.5567837,1.7874297
-2.989835,1.6837791
-3.0050454,1.6714576
-2.4895897,1.6181003
-2.507393,1.6280739
-2.7832053,1.4699185
-2.7900624,1.4601378
-3.1831112,1.5776883
-3.1727269,1.5744107
-3.1641195,1.7872441
-3.1416063,1.8069364
-2.8249907,1.96317
-2.813571,1.9829341
-3.0088367,1.6792983
-3.0534172,1.6702788
-2.9945233,1.5342861
-3.015597,1.5251229
-1.517185,1.0319893
-1.5067387,1.0490378
-2.7888107,1.7000319
-2.7811484,1.6926578
-2.3356829,2.1434999
-2.3898587,2.1907856
-2.3697157,1.4111669
-2.407789,1.4091203
-2.0617912,2.1841283
-2.1429873,2.1563098
-3.058373,1.5769988
-3.0718293,1.5686573
-2.8077753,1.4253036
-2.790536,1.4314549
-1.93381,1.7187542
-1.9782381,1.7124914
-1.5029492,1.3905938
-1.5147513,1.423083
-2.5650785,1.6954834
-2.5584316,1.6838855
-2.9815943,1.2773637
-3.0038815,1.3298965
-1.4738337,1.9966131
-1.5471479,1.9761491
-1.7511295,1.7178602
-1.7891101,1.6879916
-1.3597572,2.1914146
-1.3718781,2.1745555
-3.0354905,1.8949983
-3.0585742,1.8693104
-2.183207,1.4587964
-2.2040684,1.449087
-2.9159176,1.2972587
-2.914913,1.3187081
-2.7228377,1.5446266
-2.7462332,1.5602748
-2.8707228,1.3447148
-2.8715944,1.3611019
-2.232507,1.254891
-2.2534425,1.2737576
-3.1984124,1.0460429
-3.2239258,1.0902429
-2.1600287,1.675971
-2.2991261,1.6564387
-2.3303926,1.6495179
-2.3409107,1.626912
-2.8037388,1.7220905
-2.81896,1.7175118
-3.2146335,0.97298825
-3.2269073,0.97726023
-3.1104677,0.8987451
-3.1459248,0.9406844
-1.5184451,2.014578
-1.6011491,2.0098803
-2.597304,1.3254265
-2.6026542,1.3244338
-3.2655365,0.99884033
-3.2594159,0.9950102
-2.465007,1.7262055
-2.5031457,1.7420493
-3.00599,0.8581177
-3.0031502,0.85849535
-2.188329,1.6250858
-2.291165,1.646487
-2.7506857,1.3981024
-2.797948,1.4119623
-3.112977,1.0600371
-3.1178658,1.0775071
-1.5083388,1.9839641
-1.5230879,1.9819859
-3.0135944,1.606777
-3.028414,1.6256456
-2.7424288,1.2938592
-2.7721863,1.3026553
-3.279605,0.7414104
-3.2728145,0.7364842
-2.9446874,1.3348392
-2.969342,1.3498925
-3.0817492,1.6780496
-3.0931482,1.6508417
-2.6867738,1.4748847
-2.698329,1.497332
-2.9271748,1.3671682
-2.9722462,1.3923311
-2.2313185,1.8904353
-2.3016295,1.9012296
-3.1418614,1.2609693
-3.151798,1.2863173
-2.5836573,1.87021
-2.6536539,1.8684462
-2.6941068,1.5764544
-2.7295187,1.6013023
-2.7338207,1.5484693
-2.7542133,1.5241395
-3.0453048,1.3858275
-3.0498507,1.3976009
-2.5123875,1.4113936
-2.519652,1.411421
-2.3446105,2.0663023
-2.3451438,2.045592
-3.0582767,1.3705423
-3.0485463,1.3614264
-2.8823934,1.6085551
-2.872915,1.6378632
-1.2040054,2.2519681
-1.2610565,2.2382667
-2.371693,1.6122502
-2.375922,1.6061636
-2.6928997,1.276575
-2.7371018,1.288415
-2.2470808,0.8872842
-2.2657492,0.90288615
-1.9772989,1.715224
-2.0162213,1.7140082
-2.5161636,1.1390482
-2.6765938,1.2042892
-2.9090908,1.2060487
-2.9253356,1.2179692
-2.4046702,1.7911892
-2.4067268,1.7711931
-2.9892619,1.4696089
-2.9828527,1.4731959
-2.9148185,1.9756801
-2.9351916,1.9915049
-1.1495993,1.3793865
-1.1520735,1.3819944
-2.7662296,1.7635785
-2.7589517,1.7598385
-2.6462386,1.7915673
-2.6203504,1.7706232
-3.3559422,0.8706254
-3.3506126,0.8619331
-1.3941064,1.985944
-1.4226099,1.9635179
-2.9178817,1.4505906
-2.9384816,1.4638189
-2.629841,1.5077066
-2.6560564,1.5374492
-3.1144483,1.60595
-3.120834,1.5910146
-2.8221762,1.2736781
-2.8318856,1.2719946
-3.1473398,1.827627
-3.1517015,1.8476088
-2.6744738,1.8665615
-2.6955001,1.8637251
-2.5473406,1.726018
-2.5737314,1.7170389
-3.085823,0.9664325
-3.0921235,0.96978366
-2.844937,1.7805454
-2.8887403,1.7895608
-3.0723593,1.2518475
-3.1007385,1.2574929
-0.57037365,2.3058581
-0.5681523,2.2723324
-1.238143,1.7027689
-1.2435118,1.7014859
-2.9754493,1.7070714
-2.9811578,1.7085503
-1.8547192,1.6054659
-1.9093697,1.6492409
-2.5453632,1.5178723
-2.5668795,1.5300717
-2.541357,1.5130974
-2.509437,1.5048525
-2.0295734,1.8564376
-2.0469234,1.869942
-1.7824769,1.7319267
-1.8273151,1.7248818
-3.1051977,1.0055834
-3.1324062,1.0069252
-2.777283,1.898787
-2.814104,1.8925877
-2.3988752,1.4233106
-2.4540188,1.4277642
-2.8997579,1.6154335
-2.91897,1.6507237
-1.4097503,1.3494347
-1.4187751,1.3588309
-2.3771698,1.3138305
-2.3876393,1.3068774
-2.1006503,1.8806422
-2.1455903,1.8638912
-3.0641663,1.4520292
-3.0762236,1.4551543
-3.2104561,0.9548001
-3.2521052,0.97468203
-2.1987822,1.6714219
-2.2236075,1.6683255
-3.149643,1.2750074
-3.1459599,1.2917918
-2.8237965,1.6808786
-2.8112986,1.6806055
-2.860145,1.296253
-2.8754418,1.2999392
-3.2055917,1.0066838
-3.2260504,1.0087861
-2.0246656,1.7852844
-2.0528421,1.7843919
-2.9466014,1.7067752
-2.9251854,1.7047107
-2.1835215,1.7275928
-2.234332,1.7490175
-2.874445,1.2619231
-2.8867166,1.2680035
-3.1963246,0.7118889
-3.2179224,0.7290826
-2.501205,1.7658224
-2.4955058,1.7507461
-3.135911,1.6518115
-3.1283772,1.6452674
-3.162813,1.0122644
-3.1747422,1.0155798
-2.1394243,1.1255065
-2.1629434,1.1311237
-1.9643273,1.8039447
-2.0549793,1.8235385
-2.9323916,1.009288
-2.948434,1.0293348
-2.5572646,1.5394592
-2.6183157,1.544851
-3.1145632,1.0191119
-3.1281385,1.0207585
-2.4002988,1.7838066
-2.5195296,1.7534114
-2.5699825,1.5329391
-2.5933008,1.549033
-3.0142865,1.0085087
-3.023796,1.0252894
-1.460205,1.6898007
-1.4562857,1.7183238
-3.1032917,0.64329183
-3.127328,0.6625567
-2.2459686,1.0105015
-2.4010222,1.0127178
-3.0318441,1.3577837
-3.0605412,1.3571919
-2.9601834,0.8268248
-2.9602861,0.8618879
-2.8794284,1.3038417
-2.9087956,1.2986082
-2.016951,1.2757092
-2.057067,1.3014163
-1.723596,1.7667544
-1.7943952,1.7800077
-3.0924537,0.84897286
-3.0948813,0.8576458
-1.5584285,1.9808295
-1.5780139,2.0251315
-3.2282126,1.003485
-3.2492537,1.0106813
-2.9369848,1.2317713
-2.945974,1.2480401
-3.2917178,1.1490127
-3.312764,1.1563146
-3.0127363,1.0014426
-3.0002556,1.0339274
-2.8227434,1.4425795
-2.8292236,1.4420168
-2.972953,1.6345873
-2.9707665,1.6135248
-2.189344,1.6443952
-2.217396,1.6331803
-2.8368149,1.9843667
-2.883316,2.0073502
-2.6962006,1.5510343
-2.6990435,1.5408664
-3.0689805,1.2880868
-3.0858068,1.2930659
-2.7613134,1.5715029
-2.8045955,1.5954556
-1.7267956,1.4572539
-1.7396581,1.461768
-3.0932236,1.2362969
-3.1082265,1.2548971
-2.3777802,1.5209913
-2.4882338,1.4973936
-2.5520008,1.6293913
-2.538824,1.6344622
-2.7852712,1.5134642
-2.829448,1.5281286
-2.9696403,1.1221879
-2.9927995,1.1385182
-2.6841962,1.5281138
-2.6825936,1.5241227
-2.8732781,0.88888437
-2.8963037,0.87838304
-3.0171678,1.7953701
-3.0225368,1.7999856
-1.5508323,2.0699987
-1.5719264,2.0752962
-3.19448,0.9555847
-3.2405524,0.9730299
-2.274511,1.7526404
-2.3579216,1.7228276
-2.209117,1.3762994
-2.2106726,1.3779246
-1.5987345,2.0285442
-1.5778724,2.0284684
-2.7281144,1.0904386
-2.7193174,1.0941087
-1.6409307,1.362759
-1.6413543,1.4044266
-3.0834274,1.2514524
-3.0716891,1.2572491
-2.9838102,0.8447799
-2.943392,0.8628147
-1.8021077,1.3112015
-1.8245835,1.324351
-2.9179833,1.8083351
-2.8961036,1.8057424
-2.6837404,1.030304
-2.6941073,1.0446383
-2.0589473,1.719528
-2.0870557,1.7131374
-3.0148513,1.0181005
-3.0256262,1.0228225
-2.3997564,1.4142231
-2.4280355,1.4149857
-3.1991076,1.7934306
-3.2013366,1.7981507
-2.7123172,1.5263212
-2.6928263,1.5153039
-3.2489314,1.0917115
-3.2627263,1.1063249
-3.2205343,0.9461933
-3.2392535,0.95413655
-2.2050784,1.5960679
-2.2024503,1.5938433
-2.776605,1.2830957
-2.781794,1.2793587
-3.1403575,1.4191024
-3.134221,1.4146178
-3.154537,1.1064962
-3.1650589,1.1151396
-2.5690987,1.8872292
-2.5504253,1.8813428
-2.5307007,1.4579555
-2.5307007,1.4579555
-3.06277,1.3888874
-3.0670462,1.3886751
-2.914087,1.5631508
-2.9073424,1.5590507
-3.209938,1.4460675
-3.202412,1.4894301
-2.9751906,1.0802541
-2.994388,1.0911943
-2.9304333,1.6859976
-2.9646094,1.6787099
-2.9130876,1.2416624
-2.9081469,1.2702938
-1.5009793,1.7655871
-1.5190461,1.7704897
-2.499554,2.0028403
-2.5684645,1.9741349
-2.8970823,1.4905456
-2.926902,1.4959503
-3.0756464,1.1994737
-3.1059613,1.2071292
-3.0713356,1.7924385
-3.0845912,1.7846727
-2.9466898,1.2559872
-2.938245,1.2508237
-2.2393749,1.3211042
-2.1914532,1.3368317
-2.6231127,0.9267126
-2.5541015,0.9237286
-2.8007646,1.3432928
-2.8046858,1.3444892
-3.1293824,0.9992596
-3.1276963,1.0112077
-2.02291,0.72137934
-2.0372598,0.7302898
-2.3531203,1.6708429
-2.3534782,1.6770334
-2.5530283,1.8884554
-2.5995479,1.890903
-3.0081716,1.5785261
-2.9952989,1.5739592
-2.844868,1.5002949
-2.93964,1.525192
-1.6042554,1.7761929
-1.6413836,1.7740041
-3.2493293,1.2948924
-3.2486916,1.300509
-2.8610826,1.4229579
-2.8843524,1.4082426
-1.7850463,1.5265602
-1.8350506,1.5170623
-2.1143355,1.6035199
-2.1818967,1.6543669
-3.0415928,1.571984
-3.0664153,1.5898592
-1.7307291,1.7064049
-1.7859758,1.703594
-2.6173577,2.2160463
-2.642991,2.1908257
-2.8365588,1.9618523
-2.9035914,1.949509
-3.1993673,1.1726905
-3.19579,1.1947275
-2.780007,1.8349946
-2.7792442,1.8298123
-3.084685,1.4012927
-3.1097825,1.4080107
-3.192816,1.1385752
-3.18583,1.1124786
-3.3728786,0.71503
-3.382678,0.7206247
-2.077529,1.3766912
-2.116387,1.3931497
-2.8209352,1.4916329
-2.9259307,1.5255948
-3.1626441,1.4815983
-3.1432714,1.5012217
-1.2641758,2.4142156
-1.2947677,2.461129
-3.1337025,0.84498155
-3.1258595,0.84629774
-2.7734435,1.2265612
-2.768207,1.2327797
-2.6413987,1.4326578
-2.6597028,1.446284
-1.8434119,1.4267097
-1.8442684,1.427693
-2.857676,1.8312224
-2.8533227,1.8829634
-2.3364327,1.7101389
-2.298562,1.6958232
-3.1457083,0.94259685
-3.1643171,0.94913566
-3.1164322,1.0795649
-3.1151114,1.0693351
-2.6944137,1.8111006
-2.7107222,1.7907001
-1.1480467,1.8505484
-1.1871096,1.8308023
-3.036504,0.9351643
-3.0543365,0.94421226
-3.0641723,1.6396263
-3.0775082,1.6381454
-2.4744196,1.2186028
-2.4989216,1.2430698
-2.983635,0.9728597
-2.9924216,0.99485385
-2.3419325,1.3566108
-2.3894615,1.3673079
-2.7639866,1.4689283
-2.8311098,1.482069
-2.649302,1.4956266
-2.6830857,1.5559773
-2.6409488,1.1734395
-2.7236586,1.1915618
-3.029507,1.7836167
-3.0175974,1.7541296
-2.9331398,1.6052904
-2.9575357,1.6380364
-2.9584002,1.5371741
-2.974829,1.5470585
-3.1080055,1.318848
-3.1375647,1.3087044
-1.6000835,1.608798
-1.6137064,1.6182238
-3.171497,1.0738038
-3.1787753,1.0847273
-3.0148335,1.1807026
-3.0375586,1.1780323
-2.2223823,0.95725954
-2.2420614,0.99008644
-2.9738147,1.6890789
-2.9978187,1.6577317
-2.6582599,1.2135035
-2.6828449,1.2193078
-2.7702591,1.3821089
-2.777911,1.3816125
-1.6883998,1.9538041
-1.7127005,1.9642773
-3.0127804,1.5363182
-3.0330005,1.5562298
-1.2462012,2.4739485
-1.2803019,2.4755654
-2.6647747,1.345564
-2.6988096,1.3434149
-3.144311,1.194646
-3.1513212,1.2047071
-2.9621696,1.1441394
-2.9886262,1.1219512
-2.907212,2.0500078
-2.9196217,2.0643013
-2.440034,1.2203232
-2.4481232,1.2252388
-2.129215,0.78302824
-2.1441665,0.795398
-1.7908219,1.8441637
-1.8311623,1.8418484
-2.9176316,1.0971473
-2.9384053,1.114507
-1.9771103,1.5991328
-1.9991815,1.6173038
-1.2293262,2.385206
-1.2406468,2.3977263
-2.790082,1.1590812
-2.7991424,1.1614418
-3.0639038,0.93791026
-3.0587687,0.9661169
-2.8677511,1.4236081
-2.8853521,1.4204456
-2.6058323,1.6031437
-2.6224585,1.5659429
-3.1986046,0.88381153
-3.220625,0.8934902
-2.70825,1.80535
-2.7732704,1.8203596
-3.185443,0.90559024
-3.2024455,0.9087882
-1.3553092,1.6660718
-1.3632163,1.6659089
-2.0469327,2.0788405
-2.118986,2.1159632
-3.055783,1.3815998
-3.069726,1.3996016
-2.547293,1.452308
-2.5615206,1.4434189
-2.8410811,1.8618481
-2.844692,1.8866432
-0.7872237,2.471444
-0.81071544,2.466131
-3.1060133,1.0878489
-3.1154718,1.0966069
-2.8848977,1.6033394
-2.858578,1.6224144
-2.2711513,1.7085112
-2.2891452,1.70836
-1.8715152,2.3314939
-1.9059583,2.3485792
-2.985348,1.5855874
-2.998747,1.5707619
-1.2455883,1.6799521
-1.247619,1.6868167
-2.4514549,1.5724832
-2.5008736,1.5865049
-2.1418748,2.0420244
-2.1989982,2.0183635
-2.7519274,1.4062783
-2.7567928,1.4214711
-2.693101,1.6256666
-2.6890054,1.6216011
-2.8587408,1.42017
-2.8690677,1.4181416
-2.9113894,1.1329045
-2.9210157,1.1051729
-2.2178173,1.1685525
-2.2802916,1.1873986
-2.5716767,1.5125866
-2.58168,1.5106463
-2.218993,1.7187064
-2.2637413,1.7322848
-2.785257,1.5936588
-2.7924566,1.5942031
-3.2360039,1.237174
-3.2579398,1.2666465
-2.577769,1.1823952
-2.5969326,1.1923933
-3.28201,0.6828677
-3.2812378,0.6826546
-1.4395705,1.8091592
-1.4890465,1.7980186
-2.5005713,1.5217965
-2.4903252,1.5430204
-2.2145734,1.7798401
-2.252061,1.8101336
-0.53532827,2.8053768
-0.5353409,2.8049138
-2.7197504,1.6666137
-2.7618635,1.7044169
-2.0171747,1.6884066
-2.0898128,1.6874424
-2.8353484,1.3765397
-2.838408,1.3827423
-3.1135688,1.6517818
-3.1034172,1.6207923
-2.1311255,0.81511784
-2.181914,0.8499699
-2.3671908,1.4680424
-2.3802776,1.4695256
-2.4919538,1.5073735
-2.4973223,1.5090721
-2.50539,1.2623467
-2.5493765,1.2680564
-2.04658,0.74407154
-2.0718477,0.7574101
-2.9659958,1.519578
-2.985364,1.5110499
-1.1990683,2.0777404
-1.2608436,2.0546012
-2.587813,1.2814745
-2.6290514,1.2884699
-1.9111272,1.5754635
-1.9689134,1.5623971
-2.9587507,1.4867569
-3.0012228,1.5130914
-1.8175247,1.8829274
-1.8712167,1.9057369
-2.3264081,1.6738502
-2.3661501,1.6999173
-2.660993,1.5785116
-2.6690874,1.5816263
-2.7072597,1.3365269
-2.7209833,1.3321666
-2.735491,1.441298
-2.764714,1.4561908
-2.8785214,1.4260367
-2.8781207,1.4249887
-3.1025355,0.9301655
-3.1258333,0.9428118
-3.1908216,1.0160252
-3.2281778,1.0367569
-1.5298307,1.9188346
-1.5334296,1.8969991
-3.269848,1.7198641
-3.2641375,1.708486
-2.2942867,1.4183801
-2.2739284,1.4158212
-2.721671,1.0208297
-2.7528143,1.0247643
-1.3710424,2.3261797
-1.4190197,2.314875
-2.050775,1.5062565
-2.1067963,1.4811453
-2.3009934,1.7406894
-2.3277454,1.75322
-2.7621975,1.3865657
-2.7959251,1.3663117
-2.789541,1.1293377
-2.806855,1.1380401
-2.4796567,1.439478
-2.5454068,1.4846188
-3.1282387,1.0019658
-3.1346045,1.0069387
-1.358818,1.92963
-1.3773896,1.9239233
-2.8865938,1.6283866
-2.8691993,1.6112428
-2.5967443,1.655837
-2.5779562,1.6505783
-3.1688228,1.0561111
-3.1977313,1.0934703
-2.3687174,1.4863226
-2.4130998,1.4957281
-2.2578382,1.5330017
-2.3034272,1.5387416
-2.9875495,1.7280678
-3.000763,1.7189852
-2.6576626,1.6728194
-2.6511307,1.6695666
-2.0458472,1.8087673
-2.0978909,1.8389431
-2.3934746,1.7214278
-2.454221,1.7198138
-2.734127,1.1862173
-2.7591035,1.134507
-2.3607967,1.1233975
-2.446909,1.1444405
-3.1571648,0.95392054
-3.1841943,0.9592648
-1.6961023,1.4257838
-1.7177209,1.426168
-2.6472056,1.6743337
-2.6355417,1.6790788
-2.9176595,1.0265316
-2.903724,1.0237792
-2.762032,1.8821332
-2.7918208,1.8426032
-3.3000572,0.8273308
-3.288431,0.8303226
-2.7156372,1.6162668
-2.7386746,1.6287619
-3.0822618,1.5490316
-3.0858939,1.5748687
-2.7475064,1.0697479
-2.7276838,1.1074946
-2.0036538,2.0542545
-2.0776198,2.0492513
-2.6112223,1.3852631
-2.6436625,1.3909626
-2.033883,1.3860627
-2.105877,1.3670727
-2.5123892,0.9921094
-2.5214643,1.0156682
-2.0254126,1.4821217
-2.0794613,1.4953455
-3.0194468,1.489846
-3.0645077,1.4647111
-2.7734604,1.8360759
-2.8020449,1.7998024
-2.4069955,1.4600909
-2.4418817,1.458491
-2.4986408,0.935839
-2.5028598,0.9609766
-1.2348616,2.5269341
-1.2979413,2.5456274
-3.129681,0.882519
-3.1638951,0.9047646
-1.9588169,1.3475178
-1.9996569,1.3685869
-1.8756225,1.4169899
-1.8978745,1.4215372
-1.2997011,1.9439483
-1.3413137,1.9445401
-2.3152025,2.100894
-2.3509347,2.1014957
-3.0021083,1.3276258
-3.0012877,1.3479916
-2.717117,1.6912216
-2.748407,1.737506
-2.9170709,1.8607368
-2.9422631,1.8700755
-1.3339776,1.482544
-1.3395762,1.5022459
-2.1467755,1.8131812
-2.1352324,1.8099225
-2.7757015,1.7095243
-2.7929199,1.6931894
-3.017378,1.1013478
-3.0306149,1.1110266
-1.3107736,2.1768677
-1.3279569,2.2177613
-1.6393019,1.6259872
-1.6729647,1.6340183
-1.2802856,2.2109408
-1.2837299,2.195875
-3.0955217,1.2944895
-3.1045914,1.2985241
-3.138954,0.96098375
-3.1496923,0.9588088
